commune,region,artes_votes,artes_pct,boric_votes,boric_pct,enriquez_ominami_votes,enriquez_ominami_pct,kast_votes,kast_pct,parisi_votes,parisi_pct,provoste_votes,provoste_pct,sichel_votes,sichel_pct,blank_votes,blank_pct,casted_votes,casted_pct,null_votes,null_pct
Alhue,Metropolitana de Santiago,31,1.25,636,25.68,151,6.1,467,18.85,352,14.21,520,20.99,320,12.92,16,0.65,2512,41.06,19,0.77
Buin,Metropolitana de Santiago,513,1.3,10500,26.59,3189,8.08,11635,29.46,5237,13.26,3809,9.64,4609,11.67,132,0.33,39906,51.15,282,0.71
Calera de Tango,Metropolitana de Santiago,115,1.09,2586,24.62,693,6.6,3596,34.23,754,7.18,1067,10.16,1693,16.12,40,0.38,10603,47.07,59,0.56
Cerrillos,Metropolitana de Santiago,595,1.94,9611,31.3,3530,11.5,7195,23.43,2993,9.75,2983,9.71,3802,12.38,86,0.28,31015,46.6,220,0.72
Cerro Navia,Metropolitana de Santiago,1435,2.96,15350,31.69,7016,14.48,8802,18.17,5404,11.16,5813,12,4618,9.53,221,0.46,49019,43.12,360,0.74
Colina,Metropolitana de Santiago,385,0.83,7968,17.1,3011,6.46,18095,38.83,3995,8.57,3522,7.56,9621,20.65,169,0.36,47059,50.04,293,0.63
Conchalí,Metropolitana de Santiago,1146,2.16,17619,33.21,6538,12.32,10988,20.71,4787,9.02,5972,11.26,6008,11.32,194,0.37,53662,46.14,410,0.77
Curacaví,Metropolitana de Santiago,168,1.25,3875,28.83,1002,7.46,3664,27.26,1238,9.21,1661,12.36,1831,13.62,75,0.56,13610,50.13,96,0.71
El Bosque,Metropolitana de Santiago,1207,1.98,18776,30.76,7734,12.67,13459,22.05,6200,10.16,7127,11.68,6539,10.71,203,0.33,61729,45.4,484,0.79
El Monte,Metropolitana de Santiago,204,1.53,3596,26.97,1289,9.67,3130,23.48,1890,14.18,1764,13.23,1458,10.94,83,0.62,13563,48.22,149,1.12
Estación Central,Metropolitana de Santiago,1163,2.21,18230,34.63,5491,10.43,12049,22.89,3632,6.9,5736,10.9,6345,12.05,194,0.37,53301,42.42,461,0.88
Huechuraba,Metropolitana de Santiago,771,1.94,11004,27.66,4067,10.22,9452,23.76,3205,8.06,4524,11.37,6760,16.99,158,0.4,40249,53.97,308,0.77
Independencia,Metropolitana de Santiago,749,2.23,11569,34.45,2802,8.34,8327,24.8,2076,6.18,3414,10.17,4646,13.83,87,0.26,33877,41.05,207,0.62
Isla de Maipo,Metropolitana de Santiago,199,1.45,3466,25.23,1367,9.95,3638,26.49,1505,10.96,1827,13.3,1733,12.62,70,0.51,13903,48.6,98,0.71
Lampa,Metropolitana de Santiago,456,1.58,7393,25.66,3219,11.17,7309,25.37,4002,13.89,2752,9.55,3677,12.76,121,0.42,29141,46.38,212,0.74
Lo Barnechea,Metropolitana de Santiago,200,0.37,4615,8.43,1249,2.28,28309,51.68,1189,2.17,2570,4.69,16644,30.39,102,0.19,55042,65.32,164,0.3
Lo Espejo,Metropolitana de Santiago,923,2.45,12548,33.32,5690,15.11,6383,16.95,4296,11.41,4582,12.17,3233,8.59,164,0.44,38117,42.92,298,0.79
Lo Prado,Metropolitana de Santiago,910,2.29,12923,32.54,5271,13.27,7554,19.02,3879,9.77,4785,12.05,4394,11.06,166,0.42,40181,46.24,299,0.75
Macul,Metropolitana de Santiago,962,1.78,19448,35.94,4314,7.97,11868,21.93,3105,5.74,5998,11.08,8416,15.55,139,0.26,54600,54.58,350,0.65
Maipú,Metropolitana de Santiago,4142,2.01,75643,36.65,20931,10.14,42676,20.68,17680,8.57,19359,9.38,25977,12.59,413,0.2,208248,53.05,1427,0.69
Maria Pinto,Metropolitana de Santiago,47,0.86,1508,27.46,420,7.65,1483,27.01,485,8.83,756,13.77,792,14.42,32,0.58,5553,46.81,30,0.55
Melipilla,Metropolitana de Santiago,590,1.44,10618,25.91,2824,6.89,12241,29.87,4351,10.62,4810,11.74,5547,13.54,191,0.47,41499,42.32,327,0.8
Padre Hurtado,Metropolitana de Santiago,418,1.69,7117,28.74,3123,12.61,5178,20.91,3527,14.24,2627,10.61,2774,11.2,87,0.35,25046,53.65,195,0.79
Paine,Metropolitana de Santiago,266,1,7020,26.52,2099,7.93,8429,31.85,3212,12.14,2699,10.2,2743,10.36,125,0.47,26801,48.65,208,0.79
Pedro Aguirre Cerda,Metropolitana de Santiago,1400,3.12,17061,38.07,5660,12.63,7565,16.88,3541,7.9,5050,11.27,4534,10.12,138,0.31,45349,49.57,400,0.89
Peñaflor,Metropolitana de Santiago,599,1.62,10886,29.41,4264,11.52,7694,20.79,5103,13.79,4238,11.45,4229,11.43,132,0.36,37435,50.99,290,0.78
Peñalolen,Metropolitana de Santiago,1664,1.75,30779,32.42,9789,10.31,19456,20.49,7119,7.5,11182,11.78,14942,15.74,347,0.37,95956,50.33,678,0.71
Pirque,Metropolitana de Santiago,151,1.19,3587,28.2,1025,8.06,3614,28.41,849,6.67,1504,11.82,1992,15.66,43,0.34,12852,54.68,87,0.68
Providencia,Metropolitana de Santiago,833,0.87,29001,30.23,2063,2.15,30223,31.5,1302,1.36,10313,10.75,22196,23.14,196,0.2,96543,56.49,416,0.43
Pudahuel,Metropolitana de Santiago,2028,2.53,26745,33.31,10562,13.15,15263,19.01,8608,10.72,8275,10.31,8815,10.98,259,0.32,81202,47.82,647,0.81
Puente Alto,Metropolitana de Santiago,4077,2.14,68938,36.25,22321,11.74,33914,17.83,19349,10.17,18244,9.59,23323,12.26,549,0.29,192293,47.7,1578,0.83
Quilicura,Metropolitana de Santiago,1458,2.11,22670,32.88,8280,12.01,12966,18.8,8687,12.6,6869,9.96,8028,11.64,188,0.27,69625,49.1,479,0.69
Quinta Normal,Metropolitana de Santiago,1068,2.34,15937,34.94,5075,11.13,9938,21.79,3301,7.24,4832,10.59,5457,11.97,128,0.28,46094,45.56,358,0.78
Recoleta,Metropolitana de Santiago,1547,2.52,21858,35.64,6378,10.4,13211,21.54,4627,7.54,6495,10.59,7216,11.77,234,0.38,62051,44.18,485,0.79
Renca,Metropolitana de Santiago,1285,2.54,16069,31.73,7295,14.41,8925,17.62,6233,12.31,5981,11.81,4851,9.58,186,0.37,51236,44.25,411,0.81
San Bernardo,Metropolitana de Santiago,1675,1.72,29945,30.67,11311,11.59,23430,24,11024,11.29,10008,10.25,10233,10.48,343,0.35,98771,43.22,802,0.82
San Joaquín,Metropolitana de Santiago,940,2.41,14987,38.45,4250,10.9,6971,17.88,3048,7.82,4406,11.3,4379,11.23,143,0.37,39445,48.84,321,0.82
San José de Maipo,Metropolitana de Santiago,163,2.05,2878,36.16,771,9.69,1617,20.31,569,7.15,1022,12.84,940,11.81,34,0.43,8092,50.56,98,1.23
San Miguel,Metropolitana de Santiago,1019,1.93,19836,37.63,3616,6.86,12312,23.36,2404,4.56,5296,10.05,8226,15.61,100,0.19,53098,50.47,289,0.55
San Pedro,Metropolitana de Santiago,34,0.95,671,18.81,195,5.47,1332,37.33,312,8.74,541,15.16,483,13.54,38,1.07,3644,42.49,38,1.07
San Ramón,Metropolitana de Santiago,805,2.39,10640,31.56,4745,14.07,6373,18.9,3607,10.7,4068,12.06,3480,10.32,163,0.48,34191,42.72,310,0.92
Santiago,Metropolitana de Santiago,3060,2.27,53473,39.58,7131,5.28,34448,25.5,5757,4.26,12577,9.31,18641,13.8,401,0.3,136398,40.23,910,0.67
Talagante,Metropolitana de Santiago,460,1.48,8298,26.72,2986,9.62,8109,26.12,3808,12.26,3668,11.81,3722,11.99,147,0.47,31476,53.4,278,0.9
Tiltil,Metropolitana de Santiago,115,1.62,1980,27.84,643,9.04,1741,24.48,968,13.61,767,10.79,897,12.61,27,0.38,7207,48.17,69,0.97
Vitacura,Metropolitana de Santiago,110,0.18,4483,7.33,402,0.66,31325,51.19,255,0.42,3602,5.89,21019,34.35,109,0.18,61512,69.27,207,0.34
La Cisterna,Metropolitana de Santiago,733,1.87,13048,33.23,3410,8.68,9830,25.03,2571,6.55,4101,10.44,5577,14.2,78,0.2,39656,48.4,308,0.78
La Florida,Metropolitana de Santiago,3003,1.88,58277,36.42,13950,8.72,33578,20.99,10734,6.71,16861,10.54,23605,14.75,430,0.27,161520,52.3,1082,0.68
La Granja,Metropolitana de Santiago,1002,2.23,14887,33.18,5652,12.6,8105,18.06,4760,10.61,5911,13.17,4555,10.15,135,0.3,45371,44.4,364,0.81
La Pintana,Metropolitana de Santiago,1229,2.24,16059,29.26,9034,16.46,9033,16.46,7378,13.44,7562,13.78,4587,8.36,275,0.5,55718,40.38,561,1.02
La Reina,Metropolitana de Santiago,572,1.02,15721,27.9,1781,3.16,17036,30.23,1225,2.17,6291,11.16,13726,24.36,150,0.27,56792,62.45,290,0.51
Las Condes,Metropolitana de Santiago,598,0.35,22095,12.95,2553,1.5,78095,45.77,1830,1.07,12333,7.23,53108,31.13,343,0.2,171671,63.26,716,0.42
Ñuñoa,Metropolitana de Santiago,1822,1.49,48165,39.43,4561,3.73,29426,24.09,2753,2.25,12316,10.08,23111,18.92,276,0.23,123031,61.83,601,0.49
Antofagasta,Antofagasta,1635,1.34,28152,23.01,8870,7.25,27263,22.28,36308,29.68,10143,8.29,9976,8.15,384,0.31,123689,42.79,958,0.78
Calama,Antofagasta,595,1.04,8984,15.67,3910,6.82,11688,20.39,23638,41.24,4912,8.57,3589,6.26,189,0.33,58027,43.97,522,0.91
Maria Elena,Antofagasta,34,1.87,265,14.61,118,6.5,212,11.69,964,53.14,148,8.16,73,4.02,8,0.44,1838,29.77,16,0.88
Mejillones,Antofagasta,52,1.35,747,19.33,270,6.99,589,15.24,1656,42.86,350,9.06,200,5.18,15,0.39,3909,38.81,30,0.78
Ollague,Antofagasta,3,0.81,29,7.86,27,7.32,53,14.36,220,59.62,25,6.78,12,3.25,1,0.27,372,22.37,2,0.54
San Pedro de Atacama,Antofagasta,66,2.04,849,26.18,215,6.63,453,13.97,1103,34.01,370,11.41,187,5.77,25,0.77,3310,45.47,42,1.3
Sierra Gorda,Antofagasta,5,0.78,102,15.94,61,9.53,132,20.62,234,36.56,79,12.34,27,4.22,0,0,644,22.35,4,0.62
Taltal,Antofagasta,56,1.56,851,23.67,273,7.59,720,20.02,906,25.19,602,16.74,188,5.23,22,0.61,3651,34.79,33,0.92
Tocopilla,Antofagasta,105,1.27,1508,18.2,651,7.86,1189,14.35,3444,41.56,913,11.02,477,5.76,34,0.41,8398,37.84,77,0.93
Arica,Arica y Parinacota,952,1.17,14763,18.16,4536,5.58,24070,29.61,23034,28.33,7921,9.74,6020,7.41,295,0.36,82303,45.54,712,0.88
Camarones,Arica y Parinacota,6,0.57,111,10.58,53,5.05,252,24.02,375,35.75,195,18.59,57,5.43,4,0.38,1067,33.39,14,1.33
General Lagos,Arica y Parinacota,5,1,24,4.81,26,5.21,140,28.06,239,47.9,39,7.82,26,5.21,7,1.4,513,26.33,7,1.4
Putre,Arica y Parinacota,20,1.02,179,9.17,88,4.51,658,33.71,648,33.2,268,13.73,91,4.66,26,1.33,2001,34.81,23,1.18
Alto del Carmen,Atacama,11,0.57,260,13.44,56,2.89,265,13.7,365,18.86,891,46.05,87,4.5,14,0.72,1964,38.15,15,0.78
Caldera,Atacama,105,1.46,1516,21.05,458,6.36,1263,17.53,1741,24.17,1680,23.32,440,6.11,38,0.53,7291,47.76,50,0.69
Chañaral,Atacama,51,1.05,1053,21.63,263,5.4,702,14.42,1249,25.65,1273,26.14,278,5.71,20,0.41,4934,41.19,45,0.92
Copiapó,Atacama,770,1.38,11766,21.04,3207,5.74,11840,21.18,13607,24.34,10378,18.56,4341,7.76,160,0.29,56445,45.36,376,0.67
Diego de Almagro,Atacama,73,1.58,1085,23.44,244,5.27,561,12.12,1486,32.11,987,21.33,192,4.15,20,0.43,4694,35.83,46,0.99
Freirina,Atacama,22,0.83,425,16.12,69,2.62,305,11.57,512,19.42,1168,44.31,135,5.12,12,0.46,2665,44.04,17,0.64
Huasco,Atacama,58,1.5,641,16.58,193,4.99,538,13.92,930,24.06,1309,33.87,196,5.07,15,0.39,3913,46.29,33,0.85
Tierra Amarilla,Atacama,45,0.9,849,16.96,279,5.57,737,14.72,1616,32.28,1162,23.21,318,6.35,23,0.46,5072,40.1,43,0.86
Vallenar,Atacama,174,0.87,2823,14.09,526,2.63,2806,14.01,3937,19.66,8653,43.2,1110,5.54,65,0.32,20207,44.23,113,0.56
Aysen,Aysén,126,1.41,2188,24.43,551,6.15,2314,25.84,1664,18.58,1396,15.59,716,8,86,0.96,9143,40.37,102,1.14
Chile Chico,Aysén,26,1.38,601,31.8,86,4.55,488,25.82,184,9.74,332,17.57,173,9.15,22,1.16,1941,30.22,29,1.53
Cisnes,Aysén,23,1.11,409,19.75,118,5.7,764,36.89,264,12.75,283,13.66,210,10.14,27,1.3,2115,45.56,17,0.82
Cochrane,Aysén,12,0.87,357,25.74,49,3.53,428,30.86,101,7.28,264,19.03,176,12.69,29,2.09,1440,42.55,24,1.73
Coyhaique,Aysén,284,1.25,5787,25.37,1090,4.78,6756,29.62,2699,11.83,3845,16.86,2350,10.3,124,0.54,23138,42.67,203,0.89
Guaitecas,Aysén,4,0.81,129,26.22,18,3.66,150,30.49,68,13.82,80,16.26,43,8.74,5,1.02,499,29.42,2,0.41
Lago Verde,Aysén,11,2.39,75,16.3,16,3.48,216,46.96,31,6.74,65,14.13,46,10,5,1.09,476,38.17,11,2.39
O'Higgins,Aysén,3,0.96,75,23.89,5,1.59,142,45.22,16,5.1,47,14.97,26,8.28,6,1.91,325,42.88,5,1.59
Rio Ibañez,Aysén,11,0.83,287,21.56,69,5.18,464,34.86,112,8.41,227,17.05,161,12.1,29,2.18,1385,46.62,25,1.88
Tortel,Aysén,8,4.04,67,33.84,15,7.58,39,19.7,14,7.07,35,17.68,20,10.1,7,3.54,215,37.72,10,5.05
Andacollo,Coquimbo,64,1.39,1181,25.73,408,8.89,661,14.4,1172,25.53,797,17.36,307,6.69,49,1.07,4700,41.67,61,1.33
Canela,Coquimbo,46,1.2,1161,30.33,134,3.5,663,17.32,679,17.74,851,22.23,294,7.68,36,0.94,3903,42.41,39,1.02
Combarbala,Coquimbo,67,1.35,1212,24.44,211,4.25,885,17.85,937,18.89,1270,25.61,377,7.6,58,1.17,5073,40.51,56,1.13
Coquimbo,Coquimbo,1052,1.46,18946,26.32,5797,8.05,15848,22.01,14955,20.77,7919,11,7477,10.39,307,0.43,72860,42.56,559,0.78
Illapel,Coquimbo,150,1.26,3146,26.44,746,6.27,1953,16.41,2738,23.01,2104,17.68,1061,8.92,70,0.59,12050,43.05,82,0.69
Monte Patria,Coquimbo,185,1.84,1972,19.61,748,7.44,1896,18.86,2623,26.09,1837,18.27,794,7.9,80,0.8,10250,36.42,115,1.14
Ovalle,Coquimbo,420,1.14,8759,23.82,2765,7.52,7745,21.06,7777,21.15,5571,15.15,3731,10.15,191,0.52,37271,40.37,312,0.85
Paihuano,Coquimbo,37,1.77,576,27.6,146,7,488,23.38,277,13.27,289,13.85,274,13.13,14,0.67,2118,40,17,0.81
Punitaqui,Coquimbo,31,0.77,819,20.26,262,6.48,682,16.87,1244,30.77,709,17.54,296,7.32,45,1.11,4132,38.32,44,1.09
Rio Hurtado,Coquimbo,20,1.14,327,18.65,124,7.07,365,20.82,326,18.6,396,22.59,195,11.12,13,0.74,1789,36.27,23,1.31
Salamanca,Coquimbo,141,1.44,2131,21.7,577,5.88,2017,20.54,2512,25.58,1610,16.4,832,8.47,73,0.74,9978,42.22,85,0.87
Vicuña,Coquimbo,124,1.36,2255,24.72,537,5.89,1745,19.13,1672,18.33,1968,21.57,822,9.01,62,0.68,9304,39.08,119,1.3
La Higuera,Coquimbo,30,1.73,459,26.41,116,6.67,322,18.53,406,23.36,296,17.03,109,6.27,26,1.5,1787,39.83,23,1.32
La Serena,Coquimbo,1218,1.47,23117,27.84,5565,6.7,20297,24.44,13763,16.57,9044,10.89,10034,12.08,255,0.31,83825,46.75,532,0.64
Los Vilos,Coquimbo,150,1.91,2142,27.26,659,8.39,1431,18.21,1345,17.11,1331,16.94,801,10.19,42,0.53,7975,42.78,74,0.94
Antártica,Magallanes,0,0,4,8.51,2,4.26,34,72.34,4,8.51,1,2.13,2,4.26,0,0,47,20.17,0,0
Cabo de Hornos,Magallanes,10,1.15,189,21.8,28,3.23,421,48.56,82,9.46,74,8.54,63,7.27,5,0.58,878,47.15,6,0.69
Laguna Blanca,Magallanes,3,0.99,57,18.87,26,8.61,134,44.37,25,8.28,33,10.93,24,7.95,2,0.66,306,37.23,2,0.66
Natales,Magallanes,91,1.12,2437,30.07,714,8.81,2039,25.16,997,12.3,1253,15.46,573,7.07,72,0.89,8281,36.53,105,1.3
Porvenir,Magallanes,18,0.79,761,33.52,193,8.5,581,25.59,247,10.88,304,13.39,166,7.31,19,0.84,2328,38.11,39,1.72
Primavera,Magallanes,4,1.32,63,20.72,46,15.13,66,21.71,51,16.78,43,14.14,31,10.2,2,0.66,313,25.47,7,2.3
Punta Arenas,Magallanes,524,0.94,17374,31.07,5485,9.81,15588,27.88,7174,12.83,4993,8.93,4781,8.55,192,0.34,56586,46.49,475,0.85
Rio Verde,Magallanes,0,0,52,20.31,29,11.33,101,39.45,31,12.11,17,6.64,26,10.16,0,0,258,34.4,2,0.78
San Gregorio,Magallanes,0,0,52,21.31,27,11.07,95,38.93,33,13.52,5,2.05,32,13.11,3,1.23,249,34.83,2,0.82
Timaukel,Magallanes,1,0.6,24,14.29,23,13.69,71,42.26,22,13.1,8,4.76,19,11.31,1,0.6,171,23.3,2,1.19
Torres del Paine,Magallanes,4,0.67,123,20.71,67,11.28,161,27.1,74,12.46,123,20.71,42,7.07,8,1.35,610,37.33,8,1.35
Alto Hospicio,Tarapacá,263,1.08,3183,13.08,1712,7.04,5860,24.09,9884,40.63,2212,9.09,1212,4.98,70,0.29,24569,40.72,173,0.71
Camiña,Tarapacá,3,0.35,60,6.9,16,1.84,384,44.19,328,37.74,47,5.41,31,3.57,7,0.81,883,33.46,7,0.81
Colchane,Tarapacá,4,0.44,17,1.88,5,0.55,419,46.25,433,47.79,18,1.99,10,1.1,1,0.11,915,28.44,8,0.88
Huara,Tarapacá,12,0.71,207,12.26,78,4.62,479,28.38,667,39.51,157,9.3,88,5.21,16,0.95,1725,19.07,21,1.24
Iquique,Tarapacá,976,1.32,15561,21.1,4687,6.35,24113,32.69,15802,21.42,6038,8.19,6581,8.92,229,0.31,74543,44.54,556,0.75
Pica,Tarapacá,27,1.06,403,15.87,100,3.94,758,29.85,743,29.26,305,12.01,203,8,10,0.39,2564,45.28,15,0.59
Pozo Almonte,Tarapacá,58,1.14,544,10.71,276,5.43,1260,24.8,2049,40.33,664,13.07,229,4.51,29,0.57,5155,43.35,46,0.91
Algarrobo,Valparaíso,90,1.1,1978,24.26,472,5.79,2877,35.28,568,6.97,817,10.02,1352,16.58,20,0.25,8217,55.5,43,0.53
Cabildo,Valparaíso,100,1.29,2322,29.89,680,8.75,1437,18.5,1308,16.84,1258,16.19,663,8.54,42,0.54,7887,43.74,77,0.99
Calera,Valparaíso,276,1.29,5607,26.2,2442,11.41,4012,18.75,4967,23.21,2027,9.47,2066,9.66,77,0.36,21673,48.3,199,0.93
Calle Larga,Valparaíso,91,1.44,1304,20.7,620,9.84,1365,21.66,1243,19.73,942,14.95,736,11.68,40,0.63,6439,55.5,98,1.56
Cartagena,Valparaíso,158,1.81,2188,25.07,1040,11.92,2321,26.59,877,10.05,1173,13.44,971,11.13,37,0.42,8833,47.16,68,0.78
Casablanca,Valparaíso,151,1.4,2850,26.34,768,7.1,3330,30.78,1081,9.99,1254,11.59,1386,12.81,44,0.41,10970,48.13,106,0.98
Catemu,Valparaíso,47,0.92,1220,23.75,483,9.4,990,19.28,1142,22.24,663,12.91,591,11.51,39,0.76,5237,43.02,62,1.21
Concón,Valparaíso,222,0.9,5100,20.57,1251,5.05,9357,37.75,2128,8.58,2029,8.19,4702,18.97,76,0.31,25003,61.24,138,0.56
El Quisco,Valparaíso,123,1.58,2406,30.99,677,8.72,2027,26.11,693,8.93,815,10.5,1022,13.17,19,0.24,7826,53.33,44,0.57
El Tabo,Valparaíso,141,1.99,2224,31.37,759,10.71,1791,25.26,535,7.55,840,11.85,799,11.27,18,0.25,7145,55.68,38,0.54
Hijuelas,Valparaíso,59,0.81,1454,19.87,644,8.8,1725,23.58,1894,25.89,762,10.42,778,10.63,34,0.46,7422,47.19,72,0.98
Isla de Pascua,Valparaíso,41,1.42,972,33.59,323,11.16,581,20.08,311,10.75,352,12.16,314,10.85,73,2.52,3027,46.62,60,2.07
Juan Fernandez,Valparaíso,5,1.58,144,45.43,22,6.94,61,19.24,6,1.89,37,11.67,42,13.25,3,0.95,321,34.52,1,0.32
Limache,Valparaíso,280,1.45,5243,27.14,1295,6.7,5735,29.69,2555,13.23,1791,9.27,2418,12.52,79,0.41,19566,48.85,170,0.88
Llaillay,Valparaíso,169,1.65,2900,28.33,974,9.51,1688,16.49,2060,20.12,1441,14.08,1006,9.83,49,0.48,10412,49.48,125,1.22
Nogales,Valparaíso,130,1.4,2325,25.1,899,9.71,1501,16.21,2388,25.78,1094,11.81,925,9.99,55,0.59,9377,47.57,60,0.65
Olmue,Valparaíso,101,1.28,1925,24.48,561,7.13,2624,33.37,893,11.36,760,9.66,1000,12.72,44,0.56,7977,47.8,69,0.88
Panquehue,Valparaíso,28,0.86,714,21.82,229,7,870,26.59,711,21.73,389,11.89,331,10.12,25,0.76,3330,50.12,33,1.01
Papudo,Valparaíso,34,0.94,869,24.04,195,5.39,904,25.01,458,12.67,497,13.75,658,18.2,10,0.28,3639,57.68,14,0.39
Petorca,Valparaíso,54,1.32,1175,28.74,374,9.15,671,16.41,742,18.15,712,17.41,361,8.83,30,0.73,4167,44.26,48,1.17
Puchuncavi,Valparaíso,126,1.44,2319,26.42,793,9.03,1920,21.87,1357,15.46,907,10.33,1357,15.46,27,0.31,8870,53.01,64,0.73
Putaendo,Valparaíso,119,1.85,1807,28.03,536,8.31,1382,21.44,944,14.64,1031,15.99,628,9.74,36,0.56,6547,46.23,64,0.99
Quillota,Valparaíso,565,1.55,9253,25.38,3009,8.25,9930,27.23,5678,15.57,3514,9.64,4514,12.38,114,0.31,36875,48.6,298,0.82
Quilpué,Valparaíso,1075,1.53,20730,29.53,5615,8,19866,28.3,8245,11.74,6164,8.78,8511,12.12,189,0.27,70909,52.28,514,0.73
Quintero,Valparaíso,186,1.52,3086,25.21,1281,10.47,2997,24.49,2288,18.69,1165,9.52,1237,10.11,56,0.46,12385,49.16,89,0.73
Rinconada,Valparaíso,63,1.22,1097,21.23,375,7.26,1415,27.39,863,16.7,710,13.74,644,12.46,27,0.52,5218,54.33,24,0.46
San Antonio,Valparaíso,1038,2.68,11916,30.8,4312,11.14,6985,18.05,5914,15.28,5075,13.12,3454,8.93,138,0.36,39155,49.79,323,0.83
San Esteban,Valparaíso,93,1.12,1726,20.88,594,7.18,1816,21.96,1793,21.69,1240,15,1006,12.17,43,0.52,8401,54.21,90,1.09
San Felipe,Valparaíso,425,1.44,7691,26.07,2200,7.46,7542,25.56,5113,17.33,3280,11.12,3253,11.03,132,0.45,29875,49.7,239,0.81
Santa Maria,Valparaíso,59,1,1149,19.38,449,7.57,1343,22.65,1141,19.24,1018,17.17,770,12.99,42,0.71,6056,49.77,85,1.43
Santo Domingo,Valparaíso,58,0.78,1281,17.32,395,5.34,3000,40.55,503,6.8,828,11.19,1333,18.02,22,0.3,7466,62.9,46,0.62
Valparaíso,Valparaíso,3301,2.55,45684,35.25,11392,8.79,30484,23.52,13507,10.42,12931,9.98,12302,9.49,437,0.34,131167,45.56,1129,0.87
Villa Alemana,Valparaíso,852,1.67,14349,28.05,3950,7.72,15343,29.99,6545,12.79,4368,8.54,5754,11.25,125,0.24,51653,51.41,367,0.72
Viña del Mar,Valparaíso,2304,1.54,41778,27.92,9971,6.66,47235,31.56,13873,9.27,13555,9.06,20944,13.99,398,0.27,151025,50.01,967,0.65
Zapallar,Valparaíso,38,0.7,1069,19.72,269,4.96,1831,33.78,430,7.93,472,8.71,1311,24.19,15,0.28,5466,59.71,31,0.57
La Cruz,Valparaíso,100,1.09,2124,23.13,646,7.04,2639,28.74,1616,17.6,808,8.8,1249,13.6,17,0.19,9252,55.14,53,0.58
La Ligua,Valparaíso,191,1.32,4229,29.17,1079,7.44,3165,21.83,2257,15.57,1896,13.08,1680,11.59,59,0.41,14670,48.11,114,0.79
Los Andes,Valparaíso,330,1.13,7176,24.65,2268,7.79,7144,24.54,5369,18.44,3240,11.13,3590,12.33,122,0.42,29518,52.79,279,0.96
Angol,La Araucanía,153,0.72,2807,13.26,940,4.44,9982,47.15,3070,14.5,2197,10.38,2021,9.55,110,0.52,21457,45.68,177,0.84
Carahue,La Araucanía,113,1.19,1226,12.96,497,5.25,3976,42.03,944,9.98,1748,18.48,955,10.1,84,0.89,9633,39.06,90,0.95
Cholchol,La Araucanía,86,1.65,789,15.17,355,6.83,1820,34.99,822,15.8,780,15,549,10.56,66,1.27,5396,48.4,129,2.48
Collipulli,La Araucanía,89,0.95,1119,11.89,486,5.16,4949,52.58,1170,12.43,923,9.81,676,7.18,107,1.14,9624,43.41,105,1.12
Cunco,La Araucanía,57,0.73,1091,13.89,413,5.26,3389,43.13,961,12.23,1167,14.85,779,9.91,53,0.67,7987,39.73,77,0.98
Curacautín,La Araucanía,59,0.77,996,12.99,353,4.6,4160,54.24,657,8.57,840,10.95,605,7.89,62,0.81,7814,37.04,82,1.07
Curarrehue,La Araucanía,51,1.76,548,18.9,125,4.31,1231,42.46,270,9.31,333,11.49,341,11.76,21,0.72,2943,34.54,23,0.79
Ercilla,La Araucanía,50,1.71,485,16.62,182,6.24,1490,51.04,179,6.13,322,11.03,211,7.23,20,0.69,2972,36.98,33,1.13
Freire,La Araucanía,126,1.37,1381,15.01,571,6.21,3631,39.47,950,10.33,1630,17.72,911,9.9,91,0.99,9411,41.11,120,1.3
Galvarino,La Araucanía,73,1.43,880,17.25,376,7.37,1802,35.32,473,9.27,1134,22.23,364,7.13,59,1.16,5229,43.24,68,1.33
Gorbea,La Araucanía,40,0.61,794,12.17,228,3.49,3155,48.35,663,10.16,841,12.89,805,12.34,45,0.69,6626,42.34,55,0.84
Lautaro,La Araucanía,144,0.94,2171,14.17,785,5.12,6919,45.15,1829,11.93,2197,14.34,1281,8.36,97,0.63,15591,45.17,168,1.1
Loncoche,La Araucanía,93,0.98,1516,15.99,588,6.2,3501,36.93,1306,13.78,1537,16.21,938,9.9,74,0.78,9640,41.49,87,0.92
Lonquimay,La Araucanía,32,0.7,580,12.72,169,3.71,2144,47.04,427,9.37,880,19.31,326,7.15,98,2.15,4737,39.1,81,1.78
Lumaco,La Araucanía,52,1.25,556,13.4,175,4.22,2443,58.88,241,5.81,455,10.97,227,5.47,51,1.23,4242,46.17,42,1.01
Melipeuco,La Araucanía,26,1.18,362,16.45,95,4.32,944,42.89,247,11.22,328,14.9,199,9.04,20,0.91,2250,29.13,29,1.32
Nueva Imperial,La Araucanía,178,1.35,2196,16.61,1011,7.65,4697,35.53,1647,12.46,2301,17.4,1191,9.01,102,0.77,13487,43.72,164,1.24
Padre las Casas,La Araucanía,265,1.03,4409,17.18,1852,7.22,9271,36.13,4368,17.02,2982,11.62,2511,9.79,185,0.72,26103,43.86,260,1.01
Perquenco,La Araucanía,36,1.22,383,13.01,186,6.32,1252,42.51,456,15.48,458,15.55,174,5.91,22,0.75,3006,44.12,39,1.32
Pitrufquen,La Araucanía,82,0.82,1573,15.72,572,5.72,4487,44.83,1077,10.76,1243,12.42,974,9.73,46,0.46,10131,43.62,77,0.77
Pucon,La Araucanía,136,1.11,2900,23.66,593,4.84,4593,37.47,1352,11.03,1089,8.88,1595,13.01,57,0.47,12408,41.93,93,0.76
Purén,La Araucanía,49,0.93,615,11.68,230,4.37,2644,50.22,405,7.69,924,17.55,398,7.56,32,0.61,5341,43.64,44,0.84
Renaico,La Araucanía,35,0.82,445,10.48,259,6.1,1755,41.32,792,18.65,576,13.56,385,9.07,32,0.75,4347,44.33,68,1.6
Saavedra,La Araucanía,106,2.11,760,15.13,406,8.08,1581,31.47,535,10.65,1183,23.55,453,9.02,72,1.43,5200,39.28,104,2.07
Temuco,La Araucanía,1206,1.01,23414,19.55,6787,5.67,47023,39.27,15127,12.63,12019,10.04,14178,11.84,365,0.3,120918,50.8,799,0.67
Teodoro Schmidt,La Araucanía,46,0.73,749,11.84,302,4.77,2667,42.17,656,10.37,911,14.4,994,15.72,96,1.52,6528,46.46,107,1.69
Tolten,La Araucanía,44,0.99,565,12.68,254,5.7,1858,41.69,460,10.32,631,14.16,645,14.47,59,1.32,4582,43.41,66,1.48
Traiguen,La Araucanía,105,1.33,1273,16.11,431,5.45,3830,48.47,519,6.57,991,12.54,753,9.53,66,0.84,8081,43.46,113,1.43
Victoria,La Araucanía,121,0.82,1718,11.69,740,5.03,8472,57.64,1029,7,1477,10.05,1142,7.77,80,0.54,14906,45.71,127,0.86
Vilcun,La Araucanía,100,0.94,1444,13.52,548,5.13,4473,41.89,1301,12.18,1605,15.03,1208,11.31,84,0.79,10879,44.01,116,1.09
Villarrica,La Araucanía,288,1.16,5166,20.84,1185,4.78,9997,40.33,2724,10.99,2567,10.36,2858,11.53,131,0.53,25099,44.68,183,0.74
Los Sauces,La Araucanía,28,0.81,386,11.11,130,3.74,1881,54.15,277,7.97,462,13.3,310,8.92,49,1.41,3571,47.84,48,1.38
Ancud,Los Lagos,230,1.47,3793,24.27,938,6,4372,27.97,2120,13.56,2350,15.04,1827,11.69,131,0.84,15884,40.82,123,0.79
Calbuco,Los Lagos,154,1.38,2162,19.38,710,6.37,3388,30.38,2208,19.8,1432,12.84,1099,9.85,168,1.51,11463,35.27,142,1.27
Castro,Los Lagos,320,1.82,4868,27.65,954,5.42,4448,25.27,2733,15.52,2414,13.71,1868,10.61,123,0.7,17877,42.7,149,0.85
Chaiten,Los Lagos,11,0.73,291,19.34,69,4.58,555,36.88,126,8.37,304,20.2,149,9.9,32,2.13,1550,30.43,13,0.86
Chonchi,Los Lagos,96,1.83,1209,23.02,280,5.33,1194,22.73,1001,19.06,975,18.56,498,9.48,46,0.88,5346,40.02,47,0.89
Cochamo,Los Lagos,19,1.23,284,18.39,69,4.47,646,41.84,148,9.59,181,11.72,197,12.76,32,2.07,1589,34.28,13,0.84
Curaco de Velez,Los Lagos,10,0.81,255,20.58,57,4.6,301,24.29,211,17.03,291,23.49,114,9.2,16,1.29,1266,33.58,11,0.89
Dalcahue,Los Lagos,67,1.55,919,21.25,259,5.99,1086,25.12,796,18.41,709,16.4,488,11.29,38,0.88,4407,34.51,45,1.04
Fresia,Los Lagos,44,0.83,839,15.91,211,4,2052,38.92,491,9.31,1178,22.34,458,8.69,69,1.31,5405,44.41,63,1.19
Frutillar,Los Lagos,60,0.72,1351,16.14,375,4.48,3260,38.95,1208,14.43,1329,15.88,786,9.39,63,0.75,8486,49.26,54,0.65
Futaleufú,Los Lagos,15,1.42,208,19.68,34,3.22,435,41.15,60,5.68,155,14.66,150,14.19,14,1.32,1079,27.77,8,0.76
Hualaihué,Los Lagos,48,1.33,628,17.41,223,6.18,1041,28.86,678,18.8,600,16.63,389,10.78,70,1.94,3728,42.49,51,1.41
Llanquihue,Los Lagos,66,0.84,1395,17.81,562,7.17,2618,33.42,1376,17.56,1190,15.19,627,8,71,0.91,7967,49.16,62,0.79
Maullin,Los Lagos,50,0.91,882,16.07,208,3.79,2197,40.03,715,13.03,941,17.14,496,9.04,60,1.09,5594,36.49,45,0.82
Osorno,Los Lagos,837,1.24,14255,21.15,3309,4.91,21364,31.7,9914,14.71,9991,14.82,7727,11.46,238,0.35,68131,47.57,496,0.74
Palena,Los Lagos,7,0.89,160,20.28,20,2.53,307,38.91,57,7.22,157,19.9,81,10.27,14,1.77,811,34.93,8,1.01
Puerto Montt,Los Lagos,1209,1.38,18811,21.47,5537,6.32,28790,32.85,14488,16.53,9339,10.66,9459,10.79,498,0.57,88775,46.79,644,0.73
Puerto Octay,Los Lagos,42,1.03,651,16.03,201,4.95,1248,30.73,645,15.88,956,23.54,318,7.83,27,0.66,4117,45.37,29,0.71
Puerto Varas,Los Lagos,190,0.83,4459,19.38,897,3.9,9205,40,2151,9.35,2276,9.89,3836,16.67,122,0.53,23268,53.03,132,0.57
Puqueldon,Los Lagos,14,1.08,300,23.15,83,6.4,287,22.15,293,22.61,217,16.74,102,7.87,12,0.93,1331,30.21,23,1.77
Purranque,Los Lagos,79,0.88,1317,14.74,426,4.77,3456,38.69,1082,12.11,1691,18.93,882,9.87,89,1,9126,46.12,104,1.16
Puyehue,Los Lagos,42,0.84,753,15.02,267,5.33,1790,35.7,598,11.93,1151,22.96,413,8.24,38,0.76,5097,43.6,45,0.9
Queilen,Los Lagos,29,1.23,493,20.99,117,4.98,520,22.14,315,13.41,663,28.22,212,9.03,34,1.45,2403,38.55,20,0.85
Quellon,Los Lagos,111,1.3,1748,20.51,441,5.17,2123,24.91,1747,20.5,1660,19.47,694,8.14,146,1.71,8782,38.15,112,1.31
Quemchi,Los Lagos,30,1.08,587,21.09,145,5.21,789,28.35,345,12.4,596,21.42,291,10.46,55,1.98,2865,31.96,27,0.97
Quinchao,Los Lagos,25,1.01,712,28.8,127,5.14,515,20.83,276,11.17,626,25.32,191,7.73,33,1.33,2534,27.39,29,1.17
Rio Negro,Los Lagos,50,0.8,891,14.29,290,4.65,2158,34.62,827,13.27,1314,21.08,703,11.28,44,0.71,6343,47.13,66,1.06
San Juan de la Costa,Los Lagos,66,1.67,746,18.86,231,5.84,838,21.19,518,13.1,1228,31.05,328,8.29,31,0.78,4037,48.94,51,1.29
San Pablo,Los Lagos,55,1.15,757,15.81,254,5.3,1566,32.71,544,11.36,1158,24.19,454,9.48,33,0.69,4873,48,52,1.09
Los Muermos,Los Lagos,37,0.56,796,12.02,245,3.7,3214,48.52,759,11.46,858,12.95,715,10.79,124,1.87,6817,41.51,69,1.04
Corral,Los Ríos,22,0.97,578,25.5,134,5.91,556,24.53,310,13.67,519,22.89,148,6.53,24,1.06,2310,41.65,19,0.84
Futrono,Los Ríos,74,1.14,1008,15.47,244,3.74,2803,43.01,806,12.37,890,13.66,692,10.62,42,0.64,6626,44.77,67,1.03
Lago Ranco,Los Ríos,51,1.19,703,16.35,188,4.37,1740,40.47,487,11.33,655,15.24,475,11.05,64,1.49,4430,46.07,67,1.56
Lanco,Los Ríos,78,1.17,1413,21.24,309,4.64,2312,34.75,1000,15.03,981,14.74,561,8.43,69,1.04,6782,41.44,59,0.89
Mafil,Los Ríos,29,0.87,479,14.34,187,5.6,1292,38.68,647,19.37,423,12.66,283,8.47,39,1.17,3417,47.52,38,1.14
Mariquina,Los Ríos,72,0.92,1520,19.52,391,5.02,2346,30.13,1563,20.08,1226,15.75,667,8.57,61,0.78,7917,41.4,71,0.91
Paillaco,Los Ríos,94,1.12,1428,17.03,333,3.97,3333,39.74,1226,14.62,1171,13.96,802,9.56,73,0.87,8541,44.26,81,0.97
Panguipulli,Los Ríos,169,1.26,2368,17.6,896,6.66,4900,36.43,1836,13.65,1954,14.53,1329,9.88,164,1.22,13820,38.8,204,1.52
Rio Bueno,Los Ríos,150,1.14,2106,15.95,583,4.42,5283,40.02,1673,12.67,2025,15.34,1380,10.45,101,0.77,13435,43.62,134,1.02
Valdivia,Los Ríos,1082,1.54,21118,30.14,4257,6.08,19548,27.9,8081,11.53,8562,12.22,7412,10.58,279,0.4,70848,50.67,509,0.73
La Unión,Los Ríos,163,1.02,2783,17.35,763,4.76,5954,37.13,2212,13.79,2321,14.47,1840,11.47,100,0.62,16241,45.43,105,0.65
Los Lagos,Los Ríos,60,0.79,1476,19.35,396,5.19,2852,37.4,1091,14.31,1053,13.81,698,9.15,60,0.79,7758,40.6,72,0.94
Bulnes,Ñuble,79,0.92,1265,14.81,458,5.36,3045,35.65,965,11.3,1456,17.05,1273,14.9,77,0.9,8722,42.25,104,1.22
Chillan,Ñuble,703,0.98,14744,20.64,3914,5.48,24290,34.01,9349,13.09,9009,12.61,9421,13.19,242,0.34,72155,46.86,483,0.68
Chillán Viejo,Ñuble,101,0.91,1894,17.07,822,7.41,3694,33.3,1728,15.58,1546,13.94,1308,11.79,39,0.35,11229,49.44,97,0.87
Cobquecura,Ñuble,23,0.9,460,18.1,124,4.88,805,31.67,266,10.46,450,17.7,414,16.29,29,1.14,2606,44.14,35,1.38
Coelemu,Ñuble,50,0.66,1077,14.2,405,5.34,2711,35.76,1138,15.01,1417,18.69,784,10.34,84,1.11,7735,50.32,69,0.91
Coihueco,Ñuble,87,0.91,1024,10.7,464,4.85,4445,46.46,997,10.42,1330,13.9,1220,12.75,89,0.93,9745,43.43,89,0.93
El Carmen,Ñuble,25,0.49,567,11.11,209,4.1,2331,45.69,395,7.74,926,18.15,649,12.72,37,0.73,5168,41.45,29,0.57
Ninhue,Ñuble,15,0.62,253,10.51,105,4.36,824,34.22,191,7.93,695,28.86,325,13.5,22,0.91,2454,40.38,24,1
Pemuco,Ñuble,20,0.59,424,12.59,172,5.11,1364,40.51,390,11.58,574,17.05,423,12.56,13,0.39,3409,41.1,29,0.86
Pinto,Ñuble,34,0.66,578,11.28,256,5,2626,51.26,446,8.71,457,8.92,726,14.17,38,0.74,5199,45.12,38,0.74
Portezuelo,Ñuble,23,0.86,308,11.55,116,4.35,1068,40.04,207,7.76,574,21.52,371,13.91,22,0.82,2718,46.89,29,1.09
Quillon,Ñuble,71,1.08,839,12.71,420,6.36,2479,37.55,970,14.69,996,15.09,827,12.53,37,0.56,6707,41.98,68,1.03
Quirihue,Ñuble,43,0.85,758,15.05,244,4.85,1357,26.95,594,11.8,1337,26.55,703,13.96,85,1.69,5199,47.36,78,1.55
Ranquil,Ñuble,19,0.7,356,13.09,144,5.29,991,36.43,381,14.01,508,18.68,321,11.8,22,0.81,2765,47.4,23,0.85
San Carlos,Ñuble,161,0.83,3136,16.12,943,4.85,7914,40.68,2347,12.06,2542,13.07,2410,12.39,149,0.77,19769,41.34,167,0.86
San Fabian,Ñuble,14,0.61,394,17.2,97,4.23,805,35.14,281,12.27,392,17.11,308,13.44,23,1,2338,45.41,24,1.05
San Ignacio,Ñuble,59,0.97,730,11.97,389,6.38,2504,41.06,619,10.15,906,14.85,892,14.63,56,0.92,6222,42.19,67,1.1
San Nicolas,Ñuble,47,0.88,785,14.75,403,7.57,1849,34.75,691,12.99,906,17.03,640,12.03,52,0.98,5432,45.99,59,1.11
Trehuaco,Ñuble,20,0.76,398,15.05,117,4.42,905,34.22,338,12.78,557,21.06,310,11.72,27,1.02,2694,43.17,22,0.83
Yungay,Ñuble,70,1.04,1181,17.5,388,5.75,1930,28.6,1351,20.02,1148,17.01,681,10.09,49,0.73,6863,41.7,65,0.96
Ñiquen,Ñuble,35,0.76,531,11.48,301,6.51,2000,43.22,518,11.2,632,13.66,610,13.18,58,1.25,4731,43.98,46,0.99
Alto Biobio,Biobío,40,2.17,377,20.41,119,6.44,502,27.18,255,13.81,399,21.6,155,8.39,80,4.33,2008,35.97,81,4.39
Antuco,Biobío,17,0.92,245,13.3,91,4.94,547,29.7,400,21.72,332,18.02,210,11.4,11,0.6,1880,40.11,27,1.47
Arauco,Biobío,123,0.86,2203,15.34,862,6,4983,34.7,3366,23.44,1687,11.75,1138,7.92,100,0.7,14605,46.74,143,1
Cabrero,Biobío,74,0.69,1309,12.16,691,6.42,3698,34.36,2771,25.74,1279,11.88,942,8.75,98,0.91,10955,43.29,93,0.86
Cañete,Biobío,157,1.26,1742,13.96,571,4.58,6296,50.46,1361,10.91,1457,11.68,894,7.16,101,0.81,12701,42.73,122,0.98
Chiguayante,Biobío,491,1.43,8106,23.61,2738,7.98,9099,26.51,5928,17.27,3892,11.34,4075,11.87,100,0.29,34655,50.95,226,0.66
Concepción,Biobío,1428,1.46,24371,24.87,5754,5.87,30014,30.62,12679,12.94,11041,11.27,12722,12.98,315,0.32,98990,49.43,666,0.68
Contulmo,Biobío,26,0.96,330,12.17,139,5.13,1557,57.43,215,7.93,306,11.29,138,5.09,21,0.77,2755,45.06,23,0.85
Coronel,Biobío,496,1.2,8256,19.98,3193,7.73,11599,28.06,10234,24.76,4787,11.58,2766,6.69,173,0.42,41935,46.39,431,1.04
Curanilahue,Biobío,157,1.28,2127,17.34,789,6.43,3898,31.78,2560,20.87,1932,15.75,801,6.53,128,1.04,12542,41.28,150,1.22
Florida,Biobío,55,1.18,623,13.42,317,6.83,1562,33.65,675,14.54,804,17.32,606,13.05,38,0.82,4739,44.92,59,1.27
Hualpen,Biobío,523,1.33,8184,20.85,3421,8.72,9966,25.39,8834,22.51,4598,11.72,3718,9.47,116,0.3,39654,51.29,294,0.75
Hualqui,Biobío,94,1.1,1453,17.07,858,10.08,2349,27.59,1844,21.66,1081,12.7,835,9.81,70,0.82,8676,41.9,92,1.08
Laja,Biobío,83,0.93,1299,14.58,632,7.09,2709,30.4,2295,25.75,1013,11.37,880,9.88,64,0.72,9093,42.04,118,1.32
Lebu,Biobío,95,1.07,1560,17.55,632,7.11,3476,39.1,1253,14.09,1348,15.16,527,5.93,81,0.91,9087,40.75,115,1.29
Lota,Biobío,219,1.04,3893,18.44,1812,8.58,6204,29.38,4624,21.9,3074,14.56,1290,6.11,146,0.69,21543,45.41,281,1.33
Mulchen,Biobío,86,0.87,1351,13.61,465,4.68,3762,37.89,1830,18.43,1614,16.25,822,8.28,117,1.18,10150,37.95,103,1.04
Nacimiento,Biobío,91,0.86,1367,12.92,477,4.51,3693,34.91,2852,26.96,1264,11.95,836,7.9,72,0.68,10736,43.71,84,0.79
Negrete,Biobío,25,0.67,350,9.45,217,5.86,1545,41.7,661,17.84,508,13.71,399,10.77,44,1.19,3798,41.81,49,1.32
Penco,Biobío,299,1.43,4384,21.03,1652,7.92,4823,23.14,4424,21.22,3466,16.63,1798,8.63,111,0.53,21132,50.09,175,0.84
Quilaco,Biobío,11,0.6,235,12.85,79,4.32,668,36.52,233,12.74,409,22.36,194,10.61,26,1.42,1868,42.85,13,0.71
Quilleco,Biobío,43,1.13,410,10.73,244,6.38,1479,38.7,675,17.66,572,14.97,399,10.44,50,1.31,3931,40.86,59,1.54
San Pedro de la Paz,Biobío,489,1.06,9865,21.28,2926,6.31,14414,31.1,7277,15.7,4764,10.28,6613,14.27,139,0.3,46764,51.17,277,0.6
San Rosendo,Biobío,13,0.69,313,16.59,204,10.81,510,27.03,431,22.84,282,14.94,134,7.1,18,0.95,1933,44.31,28,1.48
Santa Barbara,Biobío,47,0.92,645,12.61,225,4.4,2082,40.69,865,16.9,670,13.09,583,11.39,38,0.74,5201,38.96,46,0.9
Santa Juana,Biobío,71,1.33,886,16.65,341,6.41,2155,40.49,807,15.16,638,11.99,424,7.97,40,0.75,5416,41.58,54,1.01
Talcahuano,Biobío,866,1.37,13213,20.95,4552,7.22,18990,30.12,13140,20.84,6191,9.82,6103,9.68,189,0.3,63751,48.4,507,0.8
Tirua,Biobío,57,1.52,581,15.48,140,3.73,1936,51.59,322,8.58,483,12.87,234,6.24,44,1.17,3844,42.14,47,1.25
Tome,Biobío,251,1.11,4959,21.84,1424,6.27,6873,30.27,3804,16.75,3324,14.64,2073,9.13,128,0.56,23036,46.06,200,0.88
Tucapel,Biobío,53,0.93,830,14.61,305,5.37,1823,32.08,1148,20.2,939,16.53,584,10.28,61,1.07,5803,43.97,60,1.06
Yumbel,Biobío,86,1,1381,16.05,472,5.48,3275,38.05,1356,15.76,1242,14.43,794,9.23,72,0.84,8767,43.3,89,1.03
Los Álamos,Biobío,78,1,1030,13.2,380,4.87,3497,44.82,1267,16.24,1073,13.75,477,6.11,63,0.81,7945,43.58,80,1.03
Los Ángeles,Biobío,569,0.82,9447,13.56,3254,4.67,29491,42.34,11618,16.68,6436,9.24,8845,12.7,345,0.5,70502,42.8,497,0.71
Chepica,Libertador General Bernardo O'Higgins,34,0.66,925,18.01,338,6.58,1559,30.35,586,11.41,841,16.37,853,16.61,25,0.49,5195,37.57,34,0.66
Chimbarongo,Libertador General Bernardo O'Higgins,122,0.92,2540,19.21,980,7.41,3464,26.2,2337,17.68,1980,14.98,1797,13.59,118,0.89,13482,43.93,144,1.09
Codegua,Libertador General Bernardo O'Higgins,58,1.09,1327,24.99,522,9.83,1175,22.13,1008,18.98,642,12.09,578,10.89,35,0.66,5409,46.39,64,1.21
Coinco,Libertador General Bernardo O'Higgins,24,0.73,769,23.51,291,8.9,946,28.92,422,12.9,344,10.52,475,14.52,23,0.7,3331,45.6,37,1.13
Coltauco,Libertador General Bernardo O'Higgins,74,1.04,1526,21.44,582,8.18,1880,26.41,1139,16,974,13.68,943,13.25,39,0.55,7216,44.05,59,0.83
Doñihue,Libertador General Bernardo O'Higgins,93,1.07,2293,26.32,760,8.72,1975,22.67,1498,17.19,1009,11.58,1085,12.45,48,0.55,8828,47.47,67,0.77
Graneros,Libertador General Bernardo O'Higgins,153,1.15,3724,27.9,1345,10.08,2891,21.66,2238,16.77,1517,11.37,1479,11.08,65,0.49,13578,50.17,166,1.24
Litueche,Libertador General Bernardo O'Higgins,31,0.99,673,21.49,200,6.39,935,29.85,208,6.64,615,19.64,470,15.01,28,0.89,3186,48.1,26,0.83
Lolol,Libertador General Bernardo O'Higgins,18,0.61,568,19.13,120,4.04,812,27.35,228,7.68,654,22.03,569,19.16,39,1.31,3026,43.5,18,0.61
Machalí,Libertador General Bernardo O'Higgins,172,0.84,5093,25,1619,7.95,5587,27.42,2884,14.16,1848,9.07,3171,15.56,94,0.46,20632,53.89,164,0.8
Malloa,Libertador General Bernardo O'Higgins,43,0.8,1064,19.8,414,7.7,1691,31.47,686,12.77,794,14.77,682,12.69,25,0.47,5462,44.08,63,1.17
Marchigue,Libertador General Bernardo O'Higgins,33,1.08,669,21.81,171,5.57,755,24.61,240,7.82,595,19.39,605,19.72,21,0.68,3104,43.36,15,0.49
Mostazal,Libertador General Bernardo O'Higgins,128,1.32,2657,27.4,856,8.83,2281,23.53,1594,16.44,1117,11.52,1063,10.96,53,0.55,9853,46.47,104,1.07
Nancagua,Libertador General Bernardo O'Higgins,60,0.88,1332,19.61,395,5.81,1661,24.45,1006,14.81,1276,18.78,1064,15.66,43,0.63,6881,44.96,44,0.65
Navidad,Libertador General Bernardo O'Higgins,53,1.66,807,25.29,217,6.8,761,23.85,204,6.39,622,19.49,527,16.52,28,0.88,3246,45,27,0.85
Olivar,Libertador General Bernardo O'Higgins,46,0.74,1324,21.38,493,7.96,1701,27.47,1076,17.37,718,11.59,835,13.48,32,0.52,6280,49.97,55,0.89
Palmilla,Libertador General Bernardo O'Higgins,39,0.84,819,17.69,275,5.94,1127,24.34,469,10.13,1231,26.58,671,14.49,40,0.86,4703,44.51,32,0.69
Paredones,Libertador General Bernardo O'Higgins,24,0.8,634,21.04,155,5.14,752,24.96,217,7.2,708,23.5,523,17.36,53,1.76,3094,43.89,28,0.93
Peralillo,Libertador General Bernardo O'Higgins,40,0.91,915,20.77,273,6.2,1092,24.79,392,8.9,921,20.91,772,17.53,17,0.39,4443,43.74,21,0.48
Peumo,Libertador General Bernardo O'Higgins,84,1.42,1500,25.45,505,8.57,1260,21.37,791,13.42,985,16.71,770,13.06,69,1.17,6030,46.76,66,1.12
Pichidegua,Libertador General Bernardo O'Higgins,83,1.22,1541,22.61,464,6.81,1614,23.68,745,10.93,1232,18.07,1138,16.69,89,1.31,6955,40.87,49,0.72
Pichilemu,Libertador General Bernardo O'Higgins,113,1.35,2210,26.33,553,6.59,1996,23.78,746,8.89,1173,13.98,1602,19.09,55,0.66,8526,50.95,78,0.93
Placilla,Libertador General Bernardo O'Higgins,47,1.21,643,16.54,282,7.25,977,25.14,636,16.36,722,18.57,580,14.92,33,0.85,3962,47.76,42,1.08
Pumanque,Libertador General Bernardo O'Higgins,27,1.42,356,18.7,133,6.99,534,28.05,125,6.57,383,20.12,346,18.17,17,0.89,1929,45.26,8,0.42
Quinta de Tilcoco,Libertador General Bernardo O'Higgins,72,1.25,1464,25.36,420,7.28,1441,24.96,810,14.03,782,13.55,784,13.58,59,1.02,5892,47.28,60,1.04
Rancagua,Libertador General Bernardo O'Higgins,1144,1.21,25697,27.17,7922,8.38,22731,24.03,16173,17.1,9023,9.54,11887,12.57,289,0.31,95643,49.03,777,0.82
Rengo,Libertador General Bernardo O'Higgins,298,1.3,5573,24.3,2182,9.51,5561,24.24,3461,15.09,3322,14.48,2540,11.07,159,0.69,23343,47.59,247,1.08
Requinoa,Libertador General Bernardo O'Higgins,107,0.93,2120,18.5,909,7.93,3401,29.68,2143,18.7,1398,12.2,1380,12.04,61,0.53,11615,49.8,96,0.84
San Fernando,Libertador General Bernardo O'Higgins,372,1.23,7173,23.75,2137,7.08,8388,27.77,4053,13.42,3836,12.7,4242,14.05,151,0.5,30608,48.54,256,0.85
San Vicente,Libertador General Bernardo O'Higgins,218,1.17,4515,24.16,1237,6.62,4736,25.34,2040,10.91,3166,16.94,2779,14.87,102,0.55,18941,46.33,148,0.79
Santa Cruz,Libertador General Bernardo O'Higgins,130,0.97,3011,22.4,664,4.94,3759,27.97,1291,9.6,2049,15.24,2537,18.88,63,0.47,13589,42.98,85,0.63
La Estrella,Libertador General Bernardo O'Higgins,19,1.05,406,22.47,113,6.25,514,28.44,128,7.08,326,18.04,301,16.66,24,1.33,1843,48.51,12,0.66
Las Cabras,Libertador General Bernardo O'Higgins,104,1.17,1993,22.5,779,8.8,2392,27.01,835,9.43,1471,16.61,1282,14.48,97,1.1,9048,43.44,95,1.07
Cauquenes,Maule,113,0.72,1999,12.79,762,4.87,7100,45.42,1311,8.39,1967,12.58,2379,15.22,127,0.81,15940,42.3,182,1.16
Chanco,Maule,16,0.45,462,13.03,140,3.95,1719,48.48,235,6.63,583,16.44,391,11.03,45,1.27,3654,39,63,1.78
Colbun,Maule,76,1,1512,19.98,674,8.91,2140,28.28,1132,14.96,1198,15.83,834,11.02,79,1.04,7739,41.35,94,1.24
Constitucion,Maule,188,1.08,2927,16.78,1188,6.81,4469,25.61,3860,22.12,2754,15.78,2062,11.82,123,0.7,17751,44.21,180,1.03
Curepto,Maule,35,0.87,887,22,191,4.74,1062,26.34,385,9.55,842,20.88,630,15.62,41,1.02,4129,39.97,56,1.39
Curicó,Maule,642,1.11,12532,21.69,4656,8.06,17171,29.72,7855,13.59,6936,12,7992,13.83,254,0.44,58487,49.34,449,0.78
Empedrado,Maule,6,0.33,123,6.81,94,5.2,855,47.32,300,16.6,235,13,194,10.74,11,0.61,1835,40.57,17,0.94
Hualañe,Maule,40,0.96,817,19.68,259,6.24,992,23.9,366,8.82,1017,24.5,660,15.9,30,0.72,4218,43.09,37,0.89
Licanten,Maule,29,0.96,562,18.57,187,6.18,735,24.28,347,11.46,539,17.81,628,20.75,12,0.4,3054,44.28,15,0.5
Linares,Maule,318,0.87,7900,21.52,2378,6.48,12574,34.25,4913,13.38,4137,11.27,4493,12.24,157,0.43,37158,45.18,288,0.78
Longavi,Maule,56,0.56,1644,16.31,518,5.14,4182,41.5,1077,10.69,1414,14.03,1186,11.77,66,0.65,10230,37.81,87,0.86
Maule,Maule,94,0.78,2117,17.63,968,8.06,3418,28.47,2339,19.48,1525,12.7,1544,12.86,82,0.68,12196,48.25,109,0.91
Molina,Maule,185,0.98,3961,21.05,1647,8.75,4884,25.96,2641,14.04,3244,17.24,2253,11.97,118,0.63,19131,48.15,198,1.05
Parral,Maule,109,0.65,2752,16.49,829,4.97,6504,38.97,1551,9.29,2394,14.34,2552,15.29,108,0.65,16955,44.37,156,0.93
Pelarco,Maule,29,0.8,549,15.09,248,6.82,1127,30.99,561,15.42,595,16.36,528,14.52,15,0.41,3693,42.57,41,1.13
Pelluhue,Maule,34,0.85,692,17.21,179,4.45,1813,45.08,274,6.81,531,13.2,499,12.41,36,0.9,4124,52.12,66,1.64
Pencahue,Maule,24,0.5,634,13.24,269,5.62,1686,35.21,584,12.19,936,19.54,656,13.7,42,0.88,4875,47.01,44,0.92
Rauco,Maule,37,0.86,602,13.96,383,8.88,1474,34.19,526,12.2,722,16.75,567,13.15,29,0.67,4387,43.81,47,1.09
Retiro,Maule,55,0.76,908,12.57,400,5.54,2962,41.02,737,10.21,933,12.92,1226,16.98,89,1.23,7381,41.47,71,0.98
Rio Claro,Maule,60,1.11,856,15.82,433,8,1688,31.2,726,13.42,827,15.29,820,15.16,78,1.44,5579,45.78,91,1.68
Romeral,Maule,62,0.97,1049,16.39,462,7.22,2145,33.51,742,11.59,1045,16.33,896,14,49,0.77,6502,46.32,52,0.81
Sagrada Familia,Maule,72,0.98,1303,17.78,557,7.6,1966,26.82,992,13.53,1466,20,974,13.29,63,0.86,7460,46.29,67,0.91
San Clemente,Maule,134,0.91,2687,18.18,1101,7.45,4207,28.47,2291,15.5,2607,17.64,1749,11.84,119,0.81,15078,40.09,183,1.24
San Javier,Maule,135,0.85,2720,17.13,979,6.17,5319,33.5,2139,13.47,2501,15.75,2086,13.14,119,0.75,16119,40.8,121,0.76
San Rafael,Maule,38,0.93,590,14.41,369,9.02,1183,28.9,738,18.03,627,15.32,548,13.39,32,0.78,4168,48.07,43,1.05
Talca,Maule,929,1.01,22153,24.19,5818,6.35,25367,27.7,13421,14.65,11031,12.04,12867,14.05,276,0.3,92551,51.05,689,0.75
Teno,Maule,105,1.08,1684,17.29,776,7.97,3127,32.11,1440,14.79,1228,12.61,1377,14.14,80,0.82,9920,39.56,103,1.06
Vichuquen,Maule,25,0.91,398,14.51,107,3.9,855,31.18,186,6.78,414,15.1,757,27.61,24,0.88,2782,52.15,16,0.58
Villa Alegre,Maule,42,0.71,964,16.41,396,6.74,2056,34.99,636,10.82,937,15.95,845,14.38,39,0.66,5971,42.59,56,0.95
Yerbas Buenas,Maule,68,1.08,934,14.89,485,7.73,2247,35.81,742,11.83,1072,17.09,726,11.57,81,1.29,6445,42.7,90,1.43
