commune,region,boric_votes,boric_pct,kast_votes,kast_pct,blank_votes,blank_pct,casted_votes,casted_pct,null_votes,null_pct
Alto Hospicio,Tarapacá,11971,50.16,11897,49.84,64,0.26,24211,100,279,1.15
Camiña,Tarapacá,151,17.62,706,82.38,0,0,866,100,9,1.04
Colchane,Tarapacá,52,5.31,928,94.69,1,0.1,984,100,3,0.3
Huara,Tarapacá,545,35.5,990,64.5,6,0.39,1558,100,17,1.09
Iquique,Tarapacá,39347,49.54,40071,50.46,238,0.3,80389,100,733,0.91
Pica,Tarapacá,1290,47.37,1433,52.63,6,0.22,2741,100,12,0.44
Pozo Almonte,Tarapacá,2121,46.3,2460,53.7,15,0.32,4650,100,54,1.16
Antofagasta,Antofagasta,80893,60.39,53051,39.61,390,0.29,135729,100,1395,1.03
Calama,Antofagasta,30837,54.58,25657,45.42,178,0.31,57544,100,872,1.52
Maria Elena,Antofagasta,1350,73.93,476,26.07,5,0.27,1855,100,24,1.29
Mejillones,Antofagasta,3050,68.57,1398,31.43,13,0.29,4515,100,54,1.2
Ollague,Antofagasta,102,45.54,122,54.46,4,1.71,234,100,6,2.56
San Pedro de Atacama,Antofagasta,2217,67.41,1072,32.59,12,0.36,3345,100,44,1.32
Sierra Gorda,Antofagasta,430,60.82,277,39.18,3,0.42,715,100,5,0.7
Taltal,Antofagasta,3078,69.01,1382,30.99,15,0.33,4500,100,25,0.56
Tocopilla,Antofagasta,6052,69.45,2662,30.55,13,0.15,8817,100,90,1.02
Alto del Carmen,Atacama,1236,63.81,701,36.19,5,0.25,1965,100,23,1.17
Caldera,Atacama,5485,68.74,2494,31.26,20,0.25,8066,100,67,0.83
Chañaral,Atacama,4004,73.47,1446,26.53,15,0.27,5503,100,38,0.69
Copiapó,Atacama,38215,61.71,23707,38.29,155,0.25,62598,100,521,0.83
Diego de Almagro,Atacama,3932,75.43,1281,24.57,14,0.26,5286,100,59,1.12
Freirina,Atacama,2132,74.08,746,25.92,7,0.24,2908,100,23,0.79
Huasco,Atacama,3131,72.59,1182,27.41,9,0.21,4358,100,36,0.83
Tierra Amarilla,Atacama,3656,66.47,1844,33.53,20,0.36,5570,100,50,0.9
Vallenar,Atacama,14403,67.82,6834,32.18,49,0.23,21462,100,176,0.82
Andacollo,Coquimbo,4274,74.28,1480,25.72,18,0.31,5833,100,61,1.05
Canela,Coquimbo,3325,68.95,1497,31.05,21,0.43,4863,100,20,0.41
Combarbala,Coquimbo,3876,67.13,1898,32.87,14,0.24,5828,100,40,0.69
Coquimbo,Coquimbo,53671,62.73,31884,37.27,254,0.29,86579,100,770,0.89
Illapel,Coquimbo,9971,70.17,4239,29.83,40,0.28,14345,100,95,0.66
La Higuera,Coquimbo,1300,66.53,654,33.47,4,0.2,1968,100,10,0.51
La Serena,Coquimbo,59745,60.38,39209,39.62,291,0.29,100101,100,856,0.86
Los Vilos,Coquimbo,6614,68.32,3067,31.68,22,0.23,9770,100,67,0.69
Monte Patria,Coquimbo,7967,67,3924,33,55,0.46,12054,100,108,0.9
Ovalle,Coquimbo,27572,62.84,16307,37.16,137,0.31,44403,100,387,0.87
Paihuano,Coquimbo,1648,60.48,1077,39.52,7,0.25,2754,100,22,0.8
Punitaqui,Coquimbo,3043,66.72,1518,33.28,23,0.5,4624,100,40,0.87
Rio Hurtado,Coquimbo,1137,56.32,882,43.68,17,0.83,2055,100,19,0.92
Salamanca,Coquimbo,7357,64.33,4080,35.67,36,0.31,11556,100,83,0.72
Vicuña,Coquimbo,7759,66.58,3894,33.42,27,0.23,11766,100,86,0.73
Algarrobo,Valparaíso,4580,47.33,5096,52.67,23,0.24,9760,100,61,0.62
Cabildo,Valparaíso,6590,68.21,3071,31.79,24,0.25,9756,100,71,0.73
Calera,Valparaíso,16264,66.08,8347,33.92,56,0.23,24861,100,194,0.78
Calle Larga,Valparaíso,4309,63.05,2525,36.95,22,0.32,6914,100,58,0.84
Cartagena,Valparaíso,6229,58.63,4395,41.37,23,0.21,10722,100,75,0.7
Casablanca,Valparaíso,7086,54.07,6019,45.93,31,0.23,13238,100,102,0.77
Catemu,Valparaíso,4026,64,2265,36,12,0.19,6352,100,49,0.77
Concón,Valparaíso,12555,45.54,15012,54.46,131,0.47,28002,100,304,1.09
El Quisco,Valparaíso,5413,57.68,3972,42.32,13,0.14,9466,100,68,0.72
El Tabo,Valparaíso,5030,60.48,3287,39.52,15,0.18,8392,100,60,0.71
Hijuelas,Valparaíso,4721,56.11,3693,43.89,29,0.34,8518,100,75,0.88
Isla de Pascua,Valparaíso,2016,70.27,853,29.73,15,0.51,2923,100,39,1.33
Juan Fernandez,Valparaíso,282,70.5,118,29.5,1,0.25,401,100,0,0
La Cruz,Valparaíso,5571,53.13,4915,46.87,32,0.3,10627,100,109,1.03
La Ligua,Valparaíso,10950,62.05,6698,37.95,39,0.22,17804,100,117,0.66
Limache,Valparaíso,12427,54.87,10222,45.13,64,0.28,22915,100,202,0.88
Llaillay,Valparaíso,8753,70.85,3601,29.15,28,0.22,12470,100,88,0.71
Los Andes,Valparaíso,19279,59.77,12976,40.23,96,0.29,32633,100,282,0.86
Nogales,Valparaíso,7507,69.12,3354,30.88,35,0.32,10976,100,80,0.73
Olmue,Valparaíso,4771,51.22,4543,48.78,20,0.21,9419,100,85,0.9
Panquehue,Valparaíso,2398,60.88,1541,39.12,8,0.2,3972,100,25,0.63
Papudo,Valparaíso,2318,54.07,1969,45.93,5,0.12,4325,100,33,0.76
Petorca,Valparaíso,3678,72.86,1370,27.14,12,0.24,5102,100,42,0.82
Puchuncavi,Valparaíso,6088,60.31,4007,39.69,37,0.36,10211,100,79,0.77
Putaendo,Valparaíso,5049,65.36,2676,34.64,20,0.26,7796,100,51,0.65
Quillota,Valparaíso,23622,56.03,18538,43.97,103,0.24,42595,100,332,0.78
Quilpué,Valparaíso,46478,57.86,33856,42.14,198,0.24,81219,100,687,0.85
Quintero,Valparaíso,8623,61.37,5427,38.63,50,0.35,14208,100,108,0.76
Rinconada,Valparaíso,3487,58.77,2446,41.23,10,0.17,5977,100,34,0.57
San Antonio,Valparaíso,32363,70.35,13640,29.65,97,0.21,46423,100,323,0.7
San Esteban,Valparaíso,5322,58.79,3731,41.21,26,0.28,9189,100,110,1.2
San Felipe,Valparaíso,20196,59.9,13519,40.1,98,0.29,34070,100,257,0.75
Santa Maria,Valparaíso,3833,57.14,2875,42.86,17,0.25,6789,100,64,0.94
Santo Domingo,Valparaíso,3484,41.9,4832,58.1,19,0.23,8409,100,74,0.88
Valparaíso,Valparaíso,99453,65.67,51992,34.33,377,0.25,153082,100,1260,0.82
Villa Alemana,Valparaíso,33951,56.69,25937,43.31,151,0.25,60590,100,551,0.91
Viña del Mar,Valparaíso,93427,54.75,77222,45.25,492,0.28,172638,100,1497,0.87
Zapallar,Valparaíso,2745,43.83,3518,56.17,37,0.58,6382,100,82,1.28
Chepica,Libertador,3374,48.94,3520,51.06,13,0.19,6949,100,42,0.6
Chimbarongo,Libertador,8654,55.2,7024,44.8,43,0.27,15807,100,86,0.54
Codegua,Libertador,3986,61.96,2447,38.04,13,0.2,6495,100,49,0.75
Coinco,Libertador,2153,52.71,1932,47.29,10,0.24,4120,100,25,0.61
Coltauco,Libertador,4844,55.85,3829,44.15,23,0.26,8756,100,60,0.69
Doñihue,Libertador,6427,60.81,4142,39.19,26,0.24,10673,100,78,0.73
Graneros,Libertador,10101,64.03,5675,35.97,49,0.31,15942,100,117,0.73
La Estrella,Libertador,1085,48.01,1175,51.99,8,0.35,2282,100,14,0.61
Las Cabras,Libertador,6025,55.49,4833,44.51,26,0.24,10937,100,53,0.48
Litueche,Libertador,2023,51.25,1924,48.75,9,0.23,3972,100,16,0.4
Lolol,Libertador,1822,47.81,1989,52.19,11,0.29,3840,100,18,0.47
Machalí,Libertador,13176,55.35,10630,44.65,62,0.26,24095,100,227,0.94
Malloa,Libertador,3443,50.54,3370,49.46,22,0.32,6883,100,48,0.7
Marchigue,Libertador,2209,54.68,1831,45.32,7,0.17,4075,100,28,0.69
Mostazal,Libertador,7721,63.34,4469,36.66,34,0.28,12321,100,97,0.79
Nancagua,Libertador,4839,57.14,3629,42.86,20,0.23,8533,100,45,0.53
Navidad,Libertador,2376,57.67,1744,42.33,14,0.34,4172,100,38,0.91
Olivar,Libertador,3900,53.63,3372,46.37,18,0.24,7356,100,66,0.9
Palmilla,Libertador,3119,52.41,2832,47.59,19,0.32,6003,100,33,0.55
Paredones,Libertador,2065,53.24,1814,46.76,11,0.28,3906,100,16,0.41
Peralillo,Libertador,3284,55.53,2630,44.47,20,0.33,5977,100,43,0.72
Peumo,Libertador,4842,65.73,2524,34.27,19,0.26,7439,100,54,0.73
Pichidegua,Libertador,4977,57.85,3626,42.15,24,0.28,8680,100,53,0.61
Pichilemu,Libertador,5797,56.33,4495,43.67,29,0.28,10404,100,83,0.8
Placilla,Libertador,2666,55.89,2104,44.11,10,0.21,4809,100,29,0.6
Pumanque,Libertador,1221,50.02,1220,49.98,5,0.2,2460,100,14,0.57
Quinta de Tilcoco,Libertador,4183,57.49,3093,42.51,25,0.34,7359,100,58,0.79
Rancagua,Libertador,65759,59.67,44445,40.33,247,0.22,111387,100,936,0.84
Rengo,Libertador,16478,60.28,10859,39.72,86,0.31,27595,100,172,0.62
Requinoa,Libertador,7165,53.5,6228,46.5,23,0.17,13519,100,103,0.76
San Fernando,Libertador,20070,55.97,15789,44.03,78,0.22,36193,100,256,0.71
San Vicente,Libertador,13362,58.14,9620,41.86,59,0.25,23173,100,132,0.57
Santa Cruz,Libertador,8439,50.11,8403,49.89,36,0.21,16963,100,85,0.5
Cauquenes,Maule,6219,31.86,13299,68.14,40,0.2,19681,100,123,0.62
Chanco,Maule,1584,31.06,3515,68.94,15,0.29,5158,100,44,0.85
Colbun,Maule,4973,54.24,4196,45.76,35,0.38,9256,100,52,0.56
Constitucion,Maule,10774,51.72,10056,48.28,65,0.31,21109,100,214,1.01
Curepto,Maule,2834,53.81,2433,46.19,19,0.36,5328,100,42,0.79
Curicó,Maule,36040,52.94,32036,47.06,180,0.26,68804,100,548,0.8
Empedrado,Maule,644,26.38,1797,73.62,8,0.32,2480,100,31,1.25
Hualañe,Maule,3167,56.46,2442,43.54,27,0.48,5671,100,35,0.62
Licanten,Maule,2219,56.77,1690,43.23,22,0.56,3950,100,19,0.48
Linares,Maule,20962,47.6,23076,52.4,104,0.23,44416,100,274,0.62
Longavi,Maule,5066,37.91,8297,62.09,33,0.24,13474,100,78,0.58
Maule,Maule,6959,49.3,7158,50.7,43,0.3,14269,100,109,0.76
Molina,Maule,13143,57.85,9576,42.15,59,0.26,22942,100,164,0.71
Parral,Maule,8455,41.09,12120,58.91,41,0.2,20771,100,155,0.75
Pelarco,Maule,2000,43.03,2648,56.97,10,0.21,4686,100,28,0.6
Pelluhue,Maule,1748,34.68,3292,65.32,12,0.24,5085,100,33,0.65
Pencahue,Maule,2356,39.76,3569,60.24,12,0.2,5973,100,36,0.6
Rauco,Maule,2513,46.19,2927,53.81,8,0.15,5490,100,42,0.77
Retiro,Maule,3072,33.09,6213,66.91,30,0.32,9345,100,30,0.32
Rio Claro,Maule,2992,45.73,3551,54.27,27,0.41,6621,100,51,0.77
Romeral,Maule,3564,45.42,4282,54.58,31,0.39,7933,100,56,0.71
Sagrada Familia,Maule,5083,55.53,4070,44.47,21,0.23,9242,100,68,0.74
San Clemente,Maule,9537,51.31,9050,48.69,56,0.3,18802,100,159,0.85
San Javier,Maule,9327,45.66,11102,54.34,40,0.19,20609,100,140,0.68
San Rafael,Maule,2329,47.91,2532,52.09,16,0.33,4911,100,34,0.69
Talca,Maule,58423,54.58,48626,45.42,236,0.22,108046,100,761,0.7
Teno,Maule,5779,47.2,6465,52.8,40,0.32,12374,100,90,0.73
Vichuquen,Maule,1452,44.7,1796,55.3,13,0.4,3288,100,27,0.82
Villa Alegre,Maule,3400,44.62,4220,55.38,14,0.18,7676,100,42,0.55
Yerbas Buenas,Maule,3501,44.38,4387,55.62,19,0.24,7964,100,57,0.72
Alto Biobio,Biobío,1283,54.55,1069,45.45,20,0.83,2420,100,48,1.98
Antuco,Biobío,982,45.25,1188,54.75,7,0.32,2205,100,28,1.27
Arauco,Biobío,7429,44.42,9296,55.58,51,0.3,16947,100,171,1.01
Cabrero,Biobío,4768,37.85,7829,62.15,38,0.3,12737,100,102,0.8
Cañete,Biobío,5419,35.02,10054,64.98,41,0.26,15639,100,125,0.8
Chiguayante,Biobío,22941,56.18,17892,43.82,111,0.27,41325,100,381,0.92
Concepción,Biobío,60654,52.17,55617,47.83,336,0.29,117658,100,1051,0.89
Contulmo,Biobío,1059,30.7,2390,69.3,7,0.2,3476,100,20,0.58
Coronel,Biobío,26674,54.64,22141,45.36,108,0.22,49395,100,472,0.96
Curanilahue,Biobío,7474,49.94,7493,50.06,54,0.36,15149,100,128,0.84
Florida,Biobío,2181,38.79,3442,61.21,16,0.28,5694,100,55,0.97
Hualpen,Biobío,26020,56.44,20086,43.56,96,0.21,46608,100,406,0.87
Hualqui,Biobío,5354,50.17,5317,49.83,35,0.32,10808,100,102,0.94
Laja,Biobío,4594,44.82,5656,55.18,36,0.35,10383,100,97,0.93
Lebu,Biobío,4796,44.81,5908,55.19,36,0.33,10834,100,94,0.87
Los Álamos,Biobío,3561,37.71,5882,62.29,27,0.28,9544,100,74,0.78
Los Ángeles,Biobío,28680,34.18,55226,65.82,231,0.27,84730,100,593,0.7
Lota,Biobío,13409,54.82,11053,45.18,89,0.36,24817,100,266,1.07
Mulchen,Biobío,5384,43.07,7117,56.93,56,0.44,12682,100,125,0.99
Nacimiento,Biobío,4693,39.29,7253,60.71,51,0.42,12098,100,101,0.83
Negrete,Biobío,1623,34.93,3023,65.07,12,0.26,4695,100,37,0.79
Penco,Biobío,14642,59.16,10109,40.84,80,0.32,25044,100,213,0.85
Quilaco,Biobío,1005,42.91,1337,57.09,12,0.51,2369,100,15,0.63
Quilleco,Biobío,1546,33.09,3126,66.91,15,0.32,4715,100,28,0.59
San Pedro de la Paz,Biobío,27126,49.73,27426,50.27,177,0.32,55257,100,528,0.96
San Rosendo,Biobío,1205,52.99,1069,47.01,3,0.13,2292,100,15,0.65
Santa Barbara,Biobío,2266,35.4,4135,64.6,15,0.23,6453,100,37,0.57
Santa Juana,Biobío,2558,37.39,4283,62.61,25,0.36,6914,100,48,0.69
Talcahuano,Biobío,37805,51.94,34984,48.06,193,0.26,73678,100,696,0.94
Tirua,Biobío,1797,36.85,3080,63.15,9,0.18,4918,100,32,0.65
Tome,Biobío,14515,52.22,13279,47.78,74,0.26,28096,100,228,0.81
Tucapel,Biobío,2994,45.54,3580,54.46,19,0.29,6633,100,40,0.6
Yumbel,Biobío,4234,40.84,6134,59.16,42,0.4,10474,100,64,0.61
Angol,La Araucanía,7931,32.29,16634,67.71,62,0.25,24808,100,181,0.73
Carahue,La Araucanía,4430,38.2,7167,61.8,39,0.33,11718,100,82,0.7
Cholchol,La Araucanía,2690,44.67,3332,55.33,18,0.29,6113,100,73,1.19
Collipulli,La Araucanía,3571,31.9,7623,68.1,39,0.34,11311,100,78,0.69
Cunco,La Araucanía,3407,36.87,5833,63.13,13,0.14,9318,100,65,0.7
Curacautín,La Araucanía,2725,30.17,6306,69.83,25,0.27,9109,100,53,0.58
Curarrehue,La Araucanía,1474,37.94,2411,62.06,9,0.23,3922,100,28,0.71
Ercilla,La Araucanía,1632,42.24,2232,57.76,10,0.26,3908,100,34,0.87
Freire,La Araucanía,4428,40.23,6578,59.77,32,0.29,11128,100,90,0.81
Galvarino,La Araucanía,2734,45.12,3326,54.88,26,0.42,6127,100,41,0.67
Gorbea,La Araucanía,2549,31.72,5486,68.28,17,0.21,8109,100,57,0.7
Lautaro,La Araucanía,6703,37.61,11118,62.39,41,0.23,17994,100,132,0.73
Loncoche,La Araucanía,5063,45.22,6133,54.78,31,0.27,11307,100,80,0.71
Lonquimay,La Araucanía,1878,35.06,3478,64.94,25,0.46,5445,100,64,1.18
Los Sauces,La Araucanía,1156,28.85,2851,71.15,11,0.27,4037,100,19,0.47
Lumaco,La Araucanía,1542,30.08,3585,69.92,9,0.17,5158,100,22,0.43
Melipeuco,La Araucanía,1122,35.38,2049,64.62,10,0.31,3200,100,19,0.59
Nueva Imperial,La Araucanía,7395,46.54,8494,53.46,55,0.34,16110,100,166,1.03
Padre las Casas,La Araucanía,13289,44.01,16904,55.99,93,0.3,30519,100,233,0.76
Perquenco,La Araucanía,1555,41.83,2162,58.17,10,0.27,3762,100,35,0.93
Pitrufquen,La Araucanía,4489,37.34,7533,62.66,27,0.22,12136,100,87,0.72
Pucon,La Araucanía,6761,45.49,8101,54.51,42,0.28,15024,100,120,0.8
Purén,La Araucanía,2105,32.86,4300,67.14,21,0.33,6451,100,25,0.39
Renaico,La Araucanía,1910,37.78,3146,62.22,16,0.31,5113,100,41,0.8
Saavedra,La Araucanía,3144,50.56,3074,49.44,35,0.55,6324,100,71,1.12
Temuco,La Araucanía,58784,43.39,76704,56.61,336,0.25,136979,100,1155,0.84
Teodoro Schmidt,La Araucanía,2532,33.1,5117,66.9,29,0.37,7737,100,59,0.76
Tolten,La Araucanía,1931,36.14,3412,63.86,22,0.41,5405,100,40,0.74
Traiguen,La Araucanía,3535,36.74,6086,63.26,22,0.23,9720,100,77,0.79
Victoria,La Araucanía,4899,28.54,12266,71.46,30,0.17,17312,100,117,0.68
Vilcun,La Araucanía,4764,36.78,8190,63.22,38,0.29,13109,100,117,0.89
Villarrica,La Araucanía,12289,42.45,16662,57.55,82,0.28,29240,100,207,0.71
Ancud,Los Lagos,10412,55.87,8225,44.13,48,0.26,18803,100,118,0.63
Calbuco,Los Lagos,6523,46.79,7418,53.21,56,0.4,14103,100,106,0.75
Castro,Los Lagos,12308,59.79,8276,40.21,68,0.33,20820,100,168,0.81
Chaiten,Los Lagos,883,44.82,1087,55.18,10,0.5,1995,100,15,0.75
Chonchi,Los Lagos,3964,62.43,2386,37.57,26,0.4,6422,100,46,0.72
Cochamo,Los Lagos,690,36.03,1225,63.97,16,0.82,1949,100,18,0.92
Curaco de Velez,Los Lagos,1041,57.74,762,42.26,9,0.49,1832,100,20,1.09
Dalcahue,Los Lagos,3024,53.61,2617,46.39,23,0.4,5710,100,46,0.81
Fresia,Los Lagos,2912,45.41,3501,54.59,20,0.31,6484,100,51,0.79
Frutillar,Los Lagos,4276,44.5,5333,55.5,20,0.21,9704,100,75,0.77
Futaleufú,Los Lagos,558,39.49,855,60.51,5,0.35,1432,100,14,0.98
Hualaihué,Los Lagos,2046,48.4,2181,51.6,21,0.49,4281,100,33,0.77
Llanquihue,Los Lagos,4639,51.38,4390,48.62,31,0.34,9133,100,73,0.8
Los Muermos,Los Lagos,2499,30.98,5567,69.02,35,0.43,8151,100,50,0.61
Maullin,Los Lagos,2791,40.58,4086,59.42,29,0.42,6957,100,51,0.73
Osorno,Los Lagos,40375,51.61,37858,48.39,176,0.22,79029,100,620,0.78
Palena,Los Lagos,441,45.42,530,54.58,5,0.51,979,100,3,0.31
Puerto Montt,Los Lagos,50227,49.45,51340,50.55,291,0.28,102684,100,826,0.8
Puerto Octay,Los Lagos,2592,55.3,2095,44.7,11,0.23,4734,100,36,0.76
Puerto Varas,Los Lagos,11164,42.5,15107,57.5,110,0.41,26669,100,288,1.08
Puqueldon,Los Lagos,1161,65.48,612,34.52,7,0.39,1789,100,9,0.5
Purranque,Los Lagos,4509,43.61,5830,56.39,44,0.42,10451,100,68,0.65
Puyehue,Los Lagos,2899,45.89,3418,54.11,22,0.34,6386,100,47,0.74
Queilen,Los Lagos,1573,58.76,1104,41.24,7,0.26,2701,100,17,0.63
Quellon,Los Lagos,5543,55.42,4458,44.58,46,0.45,10151,100,104,1.02
Quemchi,Los Lagos,1974,53.77,1697,46.23,13,0.35,3704,100,20,0.54
Quinchao,Los Lagos,2405,68.09,1127,31.91,20,0.56,3580,100,28,0.78
Rio Negro,Los Lagos,3372,47,3803,53,24,0.33,7249,100,50,0.69
San Juan de la Costa,Los Lagos,2420,56.46,1866,43.54,23,0.53,4343,100,34,0.78
San Pablo,Los Lagos,2710,48.86,2837,51.14,17,0.3,5596,100,32,0.57
Aysen,Aysén,6354,61.82,3924,38.18,38,0.37,10385,100,69,0.66
Chile Chico,Aysén,1421,62.9,838,37.1,7,0.3,2297,100,31,1.35
Cisnes,Aysén,1183,48.72,1245,51.28,7,0.29,2444,100,9,0.37
Cochrane,Aysén,843,51.59,791,48.41,10,0.6,1659,100,15,0.9
Coyhaique,Aysén,14431,55.33,11650,44.67,82,0.31,26362,100,199,0.75
Guaitecas,Aysén,365,58.49,259,41.51,0,0,630,100,6,0.95
Lago Verde,Aysén,255,44.66,316,55.34,5,0.86,583,100,7,1.2
O'Higgins,Aysén,151,47.34,168,52.66,1,0.31,321,100,1,0.31
Rio Ibañez,Aysén,714,46.03,837,53.97,2,0.13,1568,100,15,0.96
Tortel,Aysén,153,64.83,83,35.17,1,0.41,241,100,4,1.66
Antártica,Magallanes,7,21.21,26,78.79,0,0,33,100,0,0
Cabo de Hornos,Magallanes,272,35.46,495,64.54,0,0,768,100,1,0.13
Laguna Blanca,Magallanes,166,48.97,173,51.03,3,0.87,344,100,2,0.58
Natales,Magallanes,6024,63.45,3470,36.55,26,0.27,9588,100,68,0.71
Porvenir,Magallanes,1585,65.9,820,34.1,4,0.16,2425,100,16,0.66
Primavera,Magallanes,215,68.25,100,31.75,1,0.31,321,100,5,1.56
Punta Arenas,Magallanes,38851,61.35,24476,38.65,150,0.23,64075,100,598,0.93
Rio Verde,Magallanes,140,48.28,150,51.72,1,0.34,293,100,2,0.68
San Gregorio,Magallanes,136,51.71,127,48.29,1,0.38,265,100,1,0.38
Timaukel,Magallanes,48,40.34,71,59.66,1,0.83,120,100,0,0
Torres del Paine,Magallanes,391,55.86,309,44.14,1,0.14,704,100,3,0.43
Alhue,Metropolitana de Santiago,1952,64.13,1092,35.87,9,0.29,3062,100,9,0.29
Buin,Metropolitana de Santiago,26268,56.3,20391,43.7,105,0.22,47122,100,358,0.76
Calera de Tango,Metropolitana de Santiago,7141,50.02,7135,49.98,45,0.31,14428,100,107,0.74
Cerrillos,Metropolitana de Santiago,24001,63.46,13818,36.54,71,0.19,38146,100,256,0.67
Cerro Navia,Metropolitana de Santiago,42576,70.23,18051,29.77,128,0.21,61113,100,358,0.59
Colina,Metropolitana de Santiago,22453,40.75,32645,59.25,198,0.35,55805,100,509,0.91
Conchalí,Metropolitana de Santiago,43294,66.86,21464,33.14,145,0.22,65348,100,445,0.68
Curacaví,Metropolitana de Santiago,9652,58.44,6865,41.56,43,0.26,16689,100,129,0.77
El Bosque,Metropolitana de Santiago,49558,65.8,25753,34.2,135,0.18,75947,100,501,0.66
El Monte,Metropolitana de Santiago,10139,61.93,6232,38.07,47,0.28,16563,100,145,0.88
Estación Central,Metropolitana de Santiago,41330,64.86,22393,35.14,155,0.24,64349,100,471,0.73
Huechuraba,Metropolitana de Santiago,28680,60.24,18931,39.76,162,0.34,48268,100,495,1.03
Independencia,Metropolitana de Santiago,24430,61.17,15505,38.83,121,0.3,40345,100,289,0.72
Isla de Maipo,Metropolitana de Santiago,10118,58.62,7141,41.38,34,0.2,17390,100,97,0.56
La Cisterna,Metropolitana de Santiago,28899,60.48,18881,39.52,92,0.19,48228,100,356,0.74
La Florida,Metropolitana de Santiago,124995,64.76,68024,35.24,444,0.23,194868,100,1405,0.72
La Granja,Metropolitana de Santiago,38966,70.26,16491,29.74,117,0.21,55913,100,339,0.61
La Pintana,Metropolitana de Santiago,50071,72.93,18588,27.07,172,0.25,69281,100,450,0.65
La Reina,Metropolitana de Santiago,30753,49.33,31593,50.67,407,0.64,63597,100,844,1.33
Lampa,Metropolitana de Santiago,20285,57.34,15090,42.66,83,0.23,35731,100,273,0.76
Las Condes,Metropolitana de Santiago,47733,26.51,132330,73.49,1230,0.67,184227,100,2934,1.59
Lo Barnechea,Metropolitana de Santiago,12248,21.01,46038,78.99,294,0.49,59439,100,859,1.45
Lo Espejo,Metropolitana de Santiago,34532,73.12,12695,26.88,115,0.24,47637,100,295,0.62
Lo Prado,Metropolitana de Santiago,33698,68.49,15500,31.51,86,0.17,49629,100,345,0.7
Macul,Metropolitana de Santiago,40364,63.73,22975,36.27,201,0.31,64016,100,476,0.74
Maipú,Metropolitana de Santiago,167384,66.63,83812,33.37,442,0.17,253308,100,1670,0.66
Maria Pinto,Metropolitana de Santiago,3959,57.65,2908,42.35,14,0.2,6922,100,41,0.59
Melipilla,Metropolitana de Santiago,28453,54.75,23517,45.25,94,0.18,52369,100,305,0.58
Padre Hurtado,Metropolitana de Santiago,19359,65.52,10189,34.48,69,0.23,29820,100,203,0.68
Paine,Metropolitana de Santiago,17617,54.49,14711,45.51,72,0.22,32635,100,235,0.72
Pedro Aguirre Cerda,Metropolitana de Santiago,39781,72.71,14930,27.29,118,0.21,55222,100,393,0.71
Peñaflor,Metropolitana de Santiago,29349,65.93,15169,34.07,95,0.21,44966,100,353,0.79
Peñalolen,Metropolitana de Santiago,74757,65.24,39836,34.76,377,0.33,115888,100,918,0.79
Pirque,Metropolitana de Santiago,8379,56.34,6492,43.66,37,0.25,15033,100,125,0.83
Providencia,Metropolitana de Santiago,49483,48.25,53071,51.75,704,0.67,104693,100,1435,1.37
Pudahuel,Metropolitana de Santiago,67932,68.52,31217,31.48,214,0.21,100011,100,648,0.65
Puente Alto,Metropolitana de Santiago,162880,70.3,68819,29.7,419,0.18,233660,100,1542,0.66
Quilicura,Metropolitana de Santiago,57492,67.97,27092,32.03,168,0.2,85284,100,532,0.62
Quinta Normal,Metropolitana de Santiago,36627,65.47,19317,34.53,119,0.21,56432,100,369,0.65
Recoleta,Metropolitana de Santiago,49686,65.9,25705,34.1,207,0.27,76087,100,489,0.64
Renca,Metropolitana de Santiago,44396,70.75,18354,29.25,141,0.22,63291,100,400,0.63
San Bernardo,Metropolitana de Santiago,77034,64.51,42372,35.49,226,0.19,120405,100,773,0.64
San Joaquín,Metropolitana de Santiago,33849,71.08,13773,28.92,95,0.2,48040,100,323,0.67
San José de Maipo,Metropolitana de Santiago,6446,67.32,3129,32.68,32,0.33,9689,100,82,0.85
San Miguel,Metropolitana de Santiago,38479,62.01,23570,37.99,147,0.23,62622,100,426,0.68
San Pedro,Metropolitana de Santiago,1989,43.14,2622,56.86,11,0.24,4652,100,30,0.64
San Ramón,Metropolitana de Santiago,30052,69.57,13145,30.43,121,0.28,43601,100,283,0.65
Santiago,Metropolitana de Santiago,95375,60.71,61733,39.29,507,0.32,158676,100,1061,0.67
Talagante,Metropolitana de Santiago,21906,59.69,14792,40.31,104,0.28,37075,100,273,0.74
Tiltil,Metropolitana de Santiago,5062,58.23,3631,41.77,16,0.18,8780,100,71,0.81
Vitacura,Metropolitana de Santiago,10511,16.71,52410,83.29,565,0.87,64773,100,1287,1.99
Ñuñoa,Metropolitana de Santiago,81608,59.57,55389,40.43,592,0.43,139003,100,1414,1.02
Corral,Los Ríos,1844,64.84,1000,35.16,6,0.21,2863,100,13,0.45
Futrono,Los Ríos,2786,36.24,4902,63.76,28,0.36,7776,100,60,0.77
La Unión,Los Ríos,8200,43.63,10594,56.37,50,0.26,18968,100,124,0.65
Lago Ranco,Los Ríos,1940,38.61,3085,61.39,31,0.61,5091,100,35,0.69
Lanco,Los Ríos,4090,49.29,4208,50.71,29,0.35,8388,100,61,0.73
Los Lagos,Los Ríos,4038,43.37,5272,56.63,31,0.33,9401,100,60,0.64
Mafil,Los Ríos,1527,40.26,2266,59.74,10,0.26,3834,100,31,0.81
Mariquina,Los Ríos,4854,51.86,4505,48.14,29,0.31,9435,100,47,0.5
Paillaco,Los Ríos,4229,42.1,5815,57.9,22,0.22,10145,100,79,0.78
Panguipulli,Los Ríos,7035,44.13,8907,55.87,69,0.43,16173,100,162,1
Rio Bueno,Los Ríos,6366,40.22,9462,59.78,38,0.24,15983,100,117,0.73
Valdivia,Los Ríos,48381,59.09,33498,40.91,261,0.32,82770,100,630,0.76
Arica,Arica y Parinacota,43248,51.01,41530,48.99,244,0.28,85829,100,807,0.94
Camarones,Arica y Parinacota,430,49.2,444,50.8,4,0.45,885,100,7,0.79
General Lagos,Arica y Parinacota,65,20.57,251,79.43,1,0.31,326,100,9,2.76
Putre,Arica y Parinacota,493,34.21,948,65.79,5,0.34,1469,100,23,1.57
Bulnes,Ñuble,4313,41.09,6183,58.91,27,0.25,10592,100,69,0.65
Chillan,Ñuble,40277,47.05,45331,52.95,193,0.22,86485,100,684,0.79
Chillán Viejo,Ñuble,6085,45.84,7189,54.16,26,0.19,13395,100,95,0.71
Cobquecura,Ñuble,1483,43.12,1956,56.88,12,0.35,3476,100,25,0.72
Coelemu,Ñuble,3733,41.86,5184,58.14,14,0.16,8988,100,57,0.63
Coihueco,Ñuble,3446,28.47,8658,71.53,31,0.25,12206,100,71,0.58
El Carmen,Ñuble,2008,29.77,4738,70.23,19,0.28,6795,100,30,0.44
Ninhue,Ñuble,1140,36.41,1991,63.59,7,0.22,3162,100,24,0.76
Pemuco,Ñuble,1524,35.61,2756,64.39,14,0.32,4317,100,23,0.53
Pinto,Ñuble,1646,24.6,5046,75.4,14,0.21,6762,100,56,0.83
Portezuelo,Ñuble,1204,37.21,2032,62.79,7,0.21,3263,100,20,0.61
Quillon,Ñuble,3084,37.01,5248,62.99,20,0.24,8425,100,73,0.87
Quirihue,Ñuble,2665,46.62,3051,53.38,17,0.29,5792,100,59,1.02
Ranquil,Ñuble,1372,41.16,1961,58.84,6,0.18,3365,100,26,0.77
San Carlos,Ñuble,9387,38.9,14747,61.1,64,0.26,24371,100,173,0.71
San Fabian,Ñuble,1189,42.27,1624,57.73,9,0.32,2840,100,18,0.63
San Ignacio,Ñuble,2472,31.69,5328,68.31,20,0.25,7870,100,50,0.64
San Nicolas,Ñuble,2597,40.13,3874,59.87,23,0.35,6548,100,54,0.82
Trehuaco,Ñuble,1371,39.82,2072,60.18,7,0.2,3470,100,20,0.58
Yungay,Ñuble,4048,49.5,4130,50.5,31,0.38,8259,100,50,0.61
Ñiquen,Ñuble,1791,32.71,3685,67.29,17,0.31,5527,100,34,0.62
