commune;region;artes_votes;artes_pct;boric_votes;boric_pct;enriquez_ominami_votes;enriquez_ominami_pct;kast_votes;kast_pct;parisi_votes;parisi_pct;provoste_votes;provoste_pct;sichel_votes;sichel_pct;blank_votes;blank_pct;casted_votes;casted_pct;null_votes;null_pct
Alhue;Metropolitana de Santiago;31.0;1.25;636.0;25.68;151.0;6.1;467.0;18.85;352.0;14.21;520.0;20.99;320.0;12.92;16.0;0.65;2512.0;41.06;19.0;0.77
Buin;Metropolitana de Santiago;513.0;1.3;10500.0;26.59;3189.0;8.08;11635.0;29.46;5237.0;13.26;3809.0;9.64;4609.0;11.67;132.0;0.33;39906.0;51.15;282.0;0.71
Calera de Tango;Metropolitana de Santiago;115.0;1.09;2586.0;24.62;693.0;6.6;3596.0;34.23;754.0;7.18;1067.0;10.16;1693.0;16.12;40.0;0.38;10603.0;47.07;59.0;0.56
Cerrillos;Metropolitana de Santiago;595.0;1.94;9611.0;31.3;3530.0;11.5;7195.0;23.43;2993.0;9.75;2983.0;9.71;3802.0;12.38;86.0;0.28;31015.0;46.6;220.0;0.72
Cerro Navia;Metropolitana de Santiago;1435.0;2.96;15350.0;31.69;7016.0;14.48;8802.0;18.17;5404.0;11.16;5813.0;12.0;4618.0;9.53;221.0;0.46;49019.0;43.12;360.0;0.74
Colina;Metropolitana de Santiago;385.0;0.83;7968.0;17.1;3011.0;6.46;18095.0;38.83;3995.0;8.57;3522.0;7.56;9621.0;20.65;169.0;0.36;47059.0;50.04;293.0;0.63
Conchali;Metropolitana de Santiago;1146.0;2.16;17619.0;33.21;6538.0;12.32;10988.0;20.71;4787.0;9.02;5972.0;11.26;6008.0;11.32;194.0;0.37;53662.0;46.14;410.0;0.77
Curacavi;Metropolitana de Santiago;168.0;1.25;3875.0;28.83;1002.0;7.46;3664.0;27.26;1238.0;9.21;1661.0;12.36;1831.0;13.62;75.0;0.56;13610.0;50.13;96.0;0.71
El Bosque;Metropolitana de Santiago;1207.0;1.98;18776.0;30.76;7734.0;12.67;13459.0;22.05;6200.0;10.16;7127.0;11.68;6539.0;10.71;203.0;0.33;61729.0;45.4;484.0;0.79
El Monte;Metropolitana de Santiago;204.0;1.53;3596.0;26.97;1289.0;9.67;3130.0;23.48;1890.0;14.18;1764.0;13.23;1458.0;10.94;83.0;0.62;13563.0;48.22;149.0;1.12
Estacion Central;Metropolitana de Santiago;1163.0;2.21;18230.0;34.63;5491.0;10.43;12049.0;22.89;3632.0;6.9;5736.0;10.9;6345.0;12.05;194.0;0.37;53301.0;42.42;461.0;0.88
Huechuraba;Metropolitana de Santiago;771.0;1.94;11004.0;27.66;4067.0;10.22;9452.0;23.76;3205.0;8.06;4524.0;11.37;6760.0;16.99;158.0;0.4;40249.0;53.97;308.0;0.77
Independencia;Metropolitana de Santiago;749.0;2.23;11569.0;34.45;2802.0;8.34;8327.0;24.8;2076.0;6.18;3414.0;10.17;4646.0;13.83;87.0;0.26;33877.0;41.05;207.0;0.62
Isla de Maipo;Metropolitana de Santiago;199.0;1.45;3466.0;25.23;1367.0;9.95;3638.0;26.49;1505.0;10.96;1827.0;13.3;1733.0;12.62;70.0;0.51;13903.0;48.6;98.0;0.71
Lampa;Metropolitana de Santiago;456.0;1.58;7393.0;25.66;3219.0;11.17;7309.0;25.37;4002.0;13.89;2752.0;9.55;3677.0;12.76;121.0;0.42;29141.0;46.38;212.0;0.74
Lo Barnechea;Metropolitana de Santiago;200.0;0.37;4615.0;8.43;1249.0;2.28;28309.0;51.68;1189.0;2.17;2570.0;4.69;16644.0;30.39;102.0;0.19;55042.0;65.32;164.0;0.3
Lo Espejo;Metropolitana de Santiago;923.0;2.45;12548.0;33.32;5690.0;15.11;6383.0;16.95;4296.0;11.41;4582.0;12.17;3233.0;8.59;164.0;0.44;38117.0;42.92;298.0;0.79
Lo Prado;Metropolitana de Santiago;910.0;2.29;12923.0;32.54;5271.0;13.27;7554.0;19.02;3879.0;9.77;4785.0;12.05;4394.0;11.06;166.0;0.42;40181.0;46.24;299.0;0.75
Macul;Metropolitana de Santiago;962.0;1.78;19448.0;35.94;4314.0;7.97;11868.0;21.93;3105.0;5.74;5998.0;11.08;8416.0;15.55;139.0;0.26;54600.0;54.58;350.0;0.65
Maipu;Metropolitana de Santiago;4142.0;2.01;75643.0;36.65;20931.0;10.14;42676.0;20.68;17680.0;8.57;19359.0;9.38;25977.0;12.59;413.0;0.2;208248.0;53.05;1427.0;0.69
Maria Pinto;Metropolitana de Santiago;47.0;0.86;1508.0;27.46;420.0;7.65;1483.0;27.01;485.0;8.83;756.0;13.77;792.0;14.42;32.0;0.58;5553.0;46.81;30.0;0.55
Melipilla;Metropolitana de Santiago;590.0;1.44;10618.0;25.91;2824.0;6.89;12241.0;29.87;4351.0;10.62;4810.0;11.74;5547.0;13.54;191.0;0.47;41499.0;42.32;327.0;0.8
Padre Hurtado;Metropolitana de Santiago;418.0;1.69;7117.0;28.74;3123.0;12.61;5178.0;20.91;3527.0;14.24;2627.0;10.61;2774.0;11.2;87.0;0.35;25046.0;53.65;195.0;0.79
Paine;Metropolitana de Santiago;266.0;1.0;7020.0;26.52;2099.0;7.93;8429.0;31.85;3212.0;12.14;2699.0;10.2;2743.0;10.36;125.0;0.47;26801.0;48.65;208.0;0.79
Pedro Aguirre Cerda;Metropolitana de Santiago;1400.0;3.12;17061.0;38.07;5660.0;12.63;7565.0;16.88;3541.0;7.9;5050.0;11.27;4534.0;10.12;138.0;0.31;45349.0;49.57;400.0;0.89
Peñaflor;Metropolitana de Santiago;599.0;1.62;10886.0;29.41;4264.0;11.52;7694.0;20.79;5103.0;13.79;4238.0;11.45;4229.0;11.43;132.0;0.36;37435.0;50.99;290.0;0.78
Peñalolen;Metropolitana de Santiago;1664.0;1.75;30779.0;32.42;9789.0;10.31;19456.0;20.49;7119.0;7.5;11182.0;11.78;14942.0;15.74;347.0;0.37;95956.0;50.33;678.0;0.71
Pirque;Metropolitana de Santiago;151.0;1.19;3587.0;28.2;1025.0;8.06;3614.0;28.41;849.0;6.67;1504.0;11.82;1992.0;15.66;43.0;0.34;12852.0;54.68;87.0;0.68
Providencia;Metropolitana de Santiago;833.0;0.87;29001.0;30.23;2063.0;2.15;30223.0;31.5;1302.0;1.36;10313.0;10.75;22196.0;23.14;196.0;0.2;96543.0;56.49;416.0;0.43
Pudahuel;Metropolitana de Santiago;2028.0;2.53;26745.0;33.31;10562.0;13.15;15263.0;19.01;8608.0;10.72;8275.0;10.31;8815.0;10.98;259.0;0.32;81202.0;47.82;647.0;0.81
Puente Alto;Metropolitana de Santiago;4077.0;2.14;68938.0;36.25;22321.0;11.74;33914.0;17.83;19349.0;10.17;18244.0;9.59;23323.0;12.26;549.0;0.29;192293.0;47.7;1578.0;0.83
Quilicura;Metropolitana de Santiago;1458.0;2.11;22670.0;32.88;8280.0;12.01;12966.0;18.8;8687.0;12.6;6869.0;9.96;8028.0;11.64;188.0;0.27;69625.0;49.1;479.0;0.69
Quinta Normal;Metropolitana de Santiago;1068.0;2.34;15937.0;34.94;5075.0;11.13;9938.0;21.79;3301.0;7.24;4832.0;10.59;5457.0;11.97;128.0;0.28;46094.0;45.56;358.0;0.78
Recoleta;Metropolitana de Santiago;1547.0;2.52;21858.0;35.64;6378.0;10.4;13211.0;21.54;4627.0;7.54;6495.0;10.59;7216.0;11.77;234.0;0.38;62051.0;44.18;485.0;0.79
Renca;Metropolitana de Santiago;1285.0;2.54;16069.0;31.73;7295.0;14.41;8925.0;17.62;6233.0;12.31;5981.0;11.81;4851.0;9.58;186.0;0.37;51236.0;44.25;411.0;0.81
San Bernardo;Metropolitana de Santiago;1675.0;1.72;29945.0;30.67;11311.0;11.59;23430.0;24.0;11024.0;11.29;10008.0;10.25;10233.0;10.48;343.0;0.35;98771.0;43.22;802.0;0.82
San Joaquin;Metropolitana de Santiago;940.0;2.41;14987.0;38.45;4250.0;10.9;6971.0;17.88;3048.0;7.82;4406.0;11.3;4379.0;11.23;143.0;0.37;39445.0;48.84;321.0;0.82
San Jose de Maipo;Metropolitana de Santiago;163.0;2.05;2878.0;36.16;771.0;9.69;1617.0;20.31;569.0;7.15;1022.0;12.84;940.0;11.81;34.0;0.43;8092.0;50.56;98.0;1.23
San Miguel;Metropolitana de Santiago;1019.0;1.93;19836.0;37.63;3616.0;6.86;12312.0;23.36;2404.0;4.56;5296.0;10.05;8226.0;15.61;100.0;0.19;53098.0;50.47;289.0;0.55
San Pedro;Metropolitana de Santiago;34.0;0.95;671.0;18.81;195.0;5.47;1332.0;37.33;312.0;8.74;541.0;15.16;483.0;13.54;38.0;1.07;3644.0;42.49;38.0;1.07
San Ramon;Metropolitana de Santiago;805.0;2.39;10640.0;31.56;4745.0;14.07;6373.0;18.9;3607.0;10.7;4068.0;12.06;3480.0;10.32;163.0;0.48;34191.0;42.72;310.0;0.92
Santiago;Metropolitana de Santiago;3060.0;2.27;53473.0;39.58;7131.0;5.28;34448.0;25.5;5757.0;4.26;12577.0;9.31;18641.0;13.8;401.0;0.3;136398.0;40.23;910.0;0.67
Talagante;Metropolitana de Santiago;460.0;1.48;8298.0;26.72;2986.0;9.62;8109.0;26.12;3808.0;12.26;3668.0;11.81;3722.0;11.99;147.0;0.47;31476.0;53.4;278.0;0.9
Tiltil;Metropolitana de Santiago;115.0;1.62;1980.0;27.84;643.0;9.04;1741.0;24.48;968.0;13.61;767.0;10.79;897.0;12.61;27.0;0.38;7207.0;48.17;69.0;0.97
Vitacura;Metropolitana de Santiago;110.0;0.18;4483.0;7.33;402.0;0.66;31325.0;51.19;255.0;0.42;3602.0;5.89;21019.0;34.35;109.0;0.18;61512.0;69.27;207.0;0.34
la Cisterna;Metropolitana de Santiago;733.0;1.87;13048.0;33.23;3410.0;8.68;9830.0;25.03;2571.0;6.55;4101.0;10.44;5577.0;14.2;78.0;0.2;39656.0;48.4;308.0;0.78
la Florida;Metropolitana de Santiago;3003.0;1.88;58277.0;36.42;13950.0;8.72;33578.0;20.99;10734.0;6.71;16861.0;10.54;23605.0;14.75;430.0;0.27;161520.0;52.3;1082.0;0.68
la Granja;Metropolitana de Santiago;1002.0;2.23;14887.0;33.18;5652.0;12.6;8105.0;18.06;4760.0;10.61;5911.0;13.17;4555.0;10.15;135.0;0.3;45371.0;44.4;364.0;0.81
la Pintana;Metropolitana de Santiago;1229.0;2.24;16059.0;29.26;9034.0;16.46;9033.0;16.46;7378.0;13.44;7562.0;13.78;4587.0;8.36;275.0;0.5;55718.0;40.38;561.0;1.02
la Reina;Metropolitana de Santiago;572.0;1.02;15721.0;27.9;1781.0;3.16;17036.0;30.23;1225.0;2.17;6291.0;11.16;13726.0;24.36;150.0;0.27;56792.0;62.45;290.0;0.51
las Condes;Metropolitana de Santiago;598.0;0.35;22095.0;12.95;2553.0;1.5;78095.0;45.77;1830.0;1.07;12333.0;7.23;53108.0;31.13;343.0;0.2;171671.0;63.26;716.0;0.42
ÑUñoa;Metropolitana de Santiago;1822.0;1.49;48165.0;39.43;4561.0;3.73;29426.0;24.09;2753.0;2.25;12316.0;10.08;23111.0;18.92;276.0;0.23;123031.0;61.83;601.0;0.49
Antofagasta;de Antofagasta;1635.0;1.34;28152.0;23.01;8870.0;7.25;27263.0;22.28;36308.0;29.68;10143.0;8.29;9976.0;8.15;384.0;0.31;123689.0;42.79;958.0;0.78
Calama;de Antofagasta;595.0;1.04;8984.0;15.67;3910.0;6.82;11688.0;20.39;23638.0;41.24;4912.0;8.57;3589.0;6.26;189.0;0.33;58027.0;43.97;522.0;0.91
Maria Elena;de Antofagasta;34.0;1.87;265.0;14.61;118.0;6.5;212.0;11.69;964.0;53.14;148.0;8.16;73.0;4.02;8.0;0.44;1838.0;29.77;16.0;0.88
Mejillones;de Antofagasta;52.0;1.35;747.0;19.33;270.0;6.99;589.0;15.24;1656.0;42.86;350.0;9.06;200.0;5.18;15.0;0.39;3909.0;38.81;30.0;0.78
Ollague;de Antofagasta;3.0;0.81;29.0;7.86;27.0;7.32;53.0;14.36;220.0;59.62;25.0;6.78;12.0;3.25;1.0;0.27;372.0;22.37;2.0;0.54
San Pedro de Atacama;de Antofagasta;66.0;2.04;849.0;26.18;215.0;6.63;453.0;13.97;1103.0;34.01;370.0;11.41;187.0;5.77;25.0;0.77;3310.0;45.47;42.0;1.3
Sierra Gorda;de Antofagasta;5.0;0.78;102.0;15.94;61.0;9.53;132.0;20.62;234.0;36.56;79.0;12.34;27.0;4.22;0.0;0.0;644.0;22.35;4.0;0.62
Taltal;de Antofagasta;56.0;1.56;851.0;23.67;273.0;7.59;720.0;20.02;906.0;25.19;602.0;16.74;188.0;5.23;22.0;0.61;3651.0;34.79;33.0;0.92
Tocopilla;de Antofagasta;105.0;1.27;1508.0;18.2;651.0;7.86;1189.0;14.35;3444.0;41.56;913.0;11.02;477.0;5.76;34.0;0.41;8398.0;37.84;77.0;0.93
Arica;de Arica y Parinacota;952.0;1.17;14763.0;18.16;4536.0;5.58;24070.0;29.61;23034.0;28.33;7921.0;9.74;6020.0;7.41;295.0;0.36;82303.0;45.54;712.0;0.88
Camarones;de Arica y Parinacota;6.0;0.57;111.0;10.58;53.0;5.05;252.0;24.02;375.0;35.75;195.0;18.59;57.0;5.43;4.0;0.38;1067.0;33.39;14.0;1.33
General Lagos;de Arica y Parinacota;5.0;1.0;24.0;4.81;26.0;5.21;140.0;28.06;239.0;47.9;39.0;7.82;26.0;5.21;7.0;1.4;513.0;26.33;7.0;1.4
Putre;de Arica y Parinacota;20.0;1.02;179.0;9.17;88.0;4.51;658.0;33.71;648.0;33.2;268.0;13.73;91.0;4.66;26.0;1.33;2001.0;34.81;23.0;1.18
Alto del Carmen;de Atacama;11.0;0.57;260.0;13.44;56.0;2.89;265.0;13.7;365.0;18.86;891.0;46.05;87.0;4.5;14.0;0.72;1964.0;38.15;15.0;0.78
Caldera;de Atacama;105.0;1.46;1516.0;21.05;458.0;6.36;1263.0;17.53;1741.0;24.17;1680.0;23.32;440.0;6.11;38.0;0.53;7291.0;47.76;50.0;0.69
Chañaral;de Atacama;51.0;1.05;1053.0;21.63;263.0;5.4;702.0;14.42;1249.0;25.65;1273.0;26.14;278.0;5.71;20.0;0.41;4934.0;41.19;45.0;0.92
Copiapo;de Atacama;770.0;1.38;11766.0;21.04;3207.0;5.74;11840.0;21.18;13607.0;24.34;10378.0;18.56;4341.0;7.76;160.0;0.29;56445.0;45.36;376.0;0.67
Diego de Almagro;de Atacama;73.0;1.58;1085.0;23.44;244.0;5.27;561.0;12.12;1486.0;32.11;987.0;21.33;192.0;4.15;20.0;0.43;4694.0;35.83;46.0;0.99
Freirina;de Atacama;22.0;0.83;425.0;16.12;69.0;2.62;305.0;11.57;512.0;19.42;1168.0;44.31;135.0;5.12;12.0;0.46;2665.0;44.04;17.0;0.64
Huasco;de Atacama;58.0;1.5;641.0;16.58;193.0;4.99;538.0;13.92;930.0;24.06;1309.0;33.87;196.0;5.07;15.0;0.39;3913.0;46.29;33.0;0.85
Tierra Amarilla;de Atacama;45.0;0.9;849.0;16.96;279.0;5.57;737.0;14.72;1616.0;32.28;1162.0;23.21;318.0;6.35;23.0;0.46;5072.0;40.1;43.0;0.86
Vallenar;de Atacama;174.0;0.87;2823.0;14.09;526.0;2.63;2806.0;14.01;3937.0;19.66;8653.0;43.2;1110.0;5.54;65.0;0.32;20207.0;44.23;113.0;0.56
Aysen;de Aysen del General Carlos Ibañez del Campo;126.0;1.41;2188.0;24.43;551.0;6.15;2314.0;25.84;1664.0;18.58;1396.0;15.59;716.0;8.0;86.0;0.96;9143.0;40.37;102.0;1.14
Chile Chico;de Aysen del General Carlos Ibañez del Campo;26.0;1.38;601.0;31.8;86.0;4.55;488.0;25.82;184.0;9.74;332.0;17.57;173.0;9.15;22.0;1.16;1941.0;30.22;29.0;1.53
Cisnes;de Aysen del General Carlos Ibañez del Campo;23.0;1.11;409.0;19.75;118.0;5.7;764.0;36.89;264.0;12.75;283.0;13.66;210.0;10.14;27.0;1.3;2115.0;45.56;17.0;0.82
Cochrane;de Aysen del General Carlos Ibañez del Campo;12.0;0.87;357.0;25.74;49.0;3.53;428.0;30.86;101.0;7.28;264.0;19.03;176.0;12.69;29.0;2.09;1440.0;42.55;24.0;1.73
Coyhaique;de Aysen del General Carlos Ibañez del Campo;284.0;1.25;5787.0;25.37;1090.0;4.78;6756.0;29.62;2699.0;11.83;3845.0;16.86;2350.0;10.3;124.0;0.54;23138.0;42.67;203.0;0.89
Guaitecas;de Aysen del General Carlos Ibañez del Campo;4.0;0.81;129.0;26.22;18.0;3.66;150.0;30.49;68.0;13.82;80.0;16.26;43.0;8.74;5.0;1.02;499.0;29.42;2.0;0.41
Lago Verde;de Aysen del General Carlos Ibañez del Campo;11.0;2.39;75.0;16.3;16.0;3.48;216.0;46.96;31.0;6.74;65.0;14.13;46.0;10.0;5.0;1.09;476.0;38.17;11.0;2.39
O'higgins;de Aysen del General Carlos Ibañez del Campo;3.0;0.96;75.0;23.89;5.0;1.59;142.0;45.22;16.0;5.1;47.0;14.97;26.0;8.28;6.0;1.91;325.0;42.88;5.0;1.59
Rio Ibañez;de Aysen del General Carlos Ibañez del Campo;11.0;0.83;287.0;21.56;69.0;5.18;464.0;34.86;112.0;8.41;227.0;17.05;161.0;12.1;29.0;2.18;1385.0;46.62;25.0;1.88
Tortel;de Aysen del General Carlos Ibañez del Campo;8.0;4.04;67.0;33.84;15.0;7.58;39.0;19.7;14.0;7.07;35.0;17.68;20.0;10.1;7.0;3.54;215.0;37.72;10.0;5.05
Andacollo;de Coquimbo;64.0;1.39;1181.0;25.73;408.0;8.89;661.0;14.4;1172.0;25.53;797.0;17.36;307.0;6.69;49.0;1.07;4700.0;41.67;61.0;1.33
Canela;de Coquimbo;46.0;1.2;1161.0;30.33;134.0;3.5;663.0;17.32;679.0;17.74;851.0;22.23;294.0;7.68;36.0;0.94;3903.0;42.41;39.0;1.02
Combarbala;de Coquimbo;67.0;1.35;1212.0;24.44;211.0;4.25;885.0;17.85;937.0;18.89;1270.0;25.61;377.0;7.6;58.0;1.17;5073.0;40.51;56.0;1.13
Coquimbo;de Coquimbo;1052.0;1.46;18946.0;26.32;5797.0;8.05;15848.0;22.01;14955.0;20.77;7919.0;11.0;7477.0;10.39;307.0;0.43;72860.0;42.56;559.0;0.78
Illapel;de Coquimbo;150.0;1.26;3146.0;26.44;746.0;6.27;1953.0;16.41;2738.0;23.01;2104.0;17.68;1061.0;8.92;70.0;0.59;12050.0;43.05;82.0;0.69
Monte Patria;de Coquimbo;185.0;1.84;1972.0;19.61;748.0;7.44;1896.0;18.86;2623.0;26.09;1837.0;18.27;794.0;7.9;80.0;0.8;10250.0;36.42;115.0;1.14
Ovalle;de Coquimbo;420.0;1.14;8759.0;23.82;2765.0;7.52;7745.0;21.06;7777.0;21.15;5571.0;15.15;3731.0;10.15;191.0;0.52;37271.0;40.37;312.0;0.85
Paihuano;de Coquimbo;37.0;1.77;576.0;27.6;146.0;7.0;488.0;23.38;277.0;13.27;289.0;13.85;274.0;13.13;14.0;0.67;2118.0;40.0;17.0;0.81
Punitaqui;de Coquimbo;31.0;0.77;819.0;20.26;262.0;6.48;682.0;16.87;1244.0;30.77;709.0;17.54;296.0;7.32;45.0;1.11;4132.0;38.32;44.0;1.09
Rio Hurtado;de Coquimbo;20.0;1.14;327.0;18.65;124.0;7.07;365.0;20.82;326.0;18.6;396.0;22.59;195.0;11.12;13.0;0.74;1789.0;36.27;23.0;1.31
Salamanca;de Coquimbo;141.0;1.44;2131.0;21.7;577.0;5.88;2017.0;20.54;2512.0;25.58;1610.0;16.4;832.0;8.47;73.0;0.74;9978.0;42.22;85.0;0.87
Vicuña;de Coquimbo;124.0;1.36;2255.0;24.72;537.0;5.89;1745.0;19.13;1672.0;18.33;1968.0;21.57;822.0;9.01;62.0;0.68;9304.0;39.08;119.0;1.3
la Higuera;de Coquimbo;30.0;1.73;459.0;26.41;116.0;6.67;322.0;18.53;406.0;23.36;296.0;17.03;109.0;6.27;26.0;1.5;1787.0;39.83;23.0;1.32
la Serena;de Coquimbo;1218.0;1.47;23117.0;27.84;5565.0;6.7;20297.0;24.44;13763.0;16.57;9044.0;10.89;10034.0;12.08;255.0;0.31;83825.0;46.75;532.0;0.64
los Vilos;de Coquimbo;150.0;1.91;2142.0;27.26;659.0;8.39;1431.0;18.21;1345.0;17.11;1331.0;16.94;801.0;10.19;42.0;0.53;7975.0;42.78;74.0;0.94
Antartica;de Magallanes y de la Antartica Chilena;0.0;0.0;4.0;8.51;2.0;4.26;34.0;72.34;4.0;8.51;1.0;2.13;2.0;4.26;0.0;0.0;47.0;20.17;0.0;0.0
Cabo de Hornos(ex-navarino);de Magallanes y de la Antartica Chilena;10.0;1.15;189.0;21.8;28.0;3.23;421.0;48.56;82.0;9.46;74.0;8.54;63.0;7.27;5.0;0.58;878.0;47.15;6.0;0.69
Laguna Blanca;de Magallanes y de la Antartica Chilena;3.0;0.99;57.0;18.87;26.0;8.61;134.0;44.37;25.0;8.28;33.0;10.93;24.0;7.95;2.0;0.66;306.0;37.23;2.0;0.66
Natales;de Magallanes y de la Antartica Chilena;91.0;1.12;2437.0;30.07;714.0;8.81;2039.0;25.16;997.0;12.3;1253.0;15.46;573.0;7.07;72.0;0.89;8281.0;36.53;105.0;1.3
Porvenir;de Magallanes y de la Antartica Chilena;18.0;0.79;761.0;33.52;193.0;8.5;581.0;25.59;247.0;10.88;304.0;13.39;166.0;7.31;19.0;0.84;2328.0;38.11;39.0;1.72
Primavera;de Magallanes y de la Antartica Chilena;4.0;1.32;63.0;20.72;46.0;15.13;66.0;21.71;51.0;16.78;43.0;14.14;31.0;10.2;2.0;0.66;313.0;25.47;7.0;2.3
Punta Arenas;de Magallanes y de la Antartica Chilena;524.0;0.94;17374.0;31.07;5485.0;9.81;15588.0;27.88;7174.0;12.83;4993.0;8.93;4781.0;8.55;192.0;0.34;56586.0;46.49;475.0;0.85
Rio Verde;de Magallanes y de la Antartica Chilena;0.0;0.0;52.0;20.31;29.0;11.33;101.0;39.45;31.0;12.11;17.0;6.64;26.0;10.16;0.0;0.0;258.0;34.4;2.0;0.78
San Gregorio;de Magallanes y de la Antartica Chilena;0.0;0.0;52.0;21.31;27.0;11.07;95.0;38.93;33.0;13.52;5.0;2.05;32.0;13.11;3.0;1.23;249.0;34.83;2.0;0.82
Timaukel;de Magallanes y de la Antartica Chilena;1.0;0.6;24.0;14.29;23.0;13.69;71.0;42.26;22.0;13.1;8.0;4.76;19.0;11.31;1.0;0.6;171.0;23.3;2.0;1.19
Torres del Paine;de Magallanes y de la Antartica Chilena;4.0;0.67;123.0;20.71;67.0;11.28;161.0;27.1;74.0;12.46;123.0;20.71;42.0;7.07;8.0;1.35;610.0;37.33;8.0;1.35
Alto Hospicio;de Tarapaca;263.0;1.08;3183.0;13.08;1712.0;7.04;5860.0;24.09;9884.0;40.63;2212.0;9.09;1212.0;4.98;70.0;0.29;24569.0;40.72;173.0;0.71
Camiña;de Tarapaca;3.0;0.35;60.0;6.9;16.0;1.84;384.0;44.19;328.0;37.74;47.0;5.41;31.0;3.57;7.0;0.81;883.0;33.46;7.0;0.81
Colchane;de Tarapaca;4.0;0.44;17.0;1.88;5.0;0.55;419.0;46.25;433.0;47.79;18.0;1.99;10.0;1.1;1.0;0.11;915.0;28.44;8.0;0.88
Huara;de Tarapaca;12.0;0.71;207.0;12.26;78.0;4.62;479.0;28.38;667.0;39.51;157.0;9.3;88.0;5.21;16.0;0.95;1725.0;19.07;21.0;1.24
Iquique;de Tarapaca;976.0;1.32;15561.0;21.1;4687.0;6.35;24113.0;32.69;15802.0;21.42;6038.0;8.19;6581.0;8.92;229.0;0.31;74543.0;44.54;556.0;0.75
Pica;de Tarapaca;27.0;1.06;403.0;15.87;100.0;3.94;758.0;29.85;743.0;29.26;305.0;12.01;203.0;8.0;10.0;0.39;2564.0;45.28;15.0;0.59
Pozo Almonte;de Tarapaca;58.0;1.14;544.0;10.71;276.0;5.43;1260.0;24.8;2049.0;40.33;664.0;13.07;229.0;4.51;29.0;0.57;5155.0;43.35;46.0;0.91
Algarrobo;de Valparaiso;90.0;1.1;1978.0;24.26;472.0;5.79;2877.0;35.28;568.0;6.97;817.0;10.02;1352.0;16.58;20.0;0.25;8217.0;55.5;43.0;0.53
Cabildo;de Valparaiso;100.0;1.29;2322.0;29.89;680.0;8.75;1437.0;18.5;1308.0;16.84;1258.0;16.19;663.0;8.54;42.0;0.54;7887.0;43.74;77.0;0.99
Calera;de Valparaiso;276.0;1.29;5607.0;26.2;2442.0;11.41;4012.0;18.75;4967.0;23.21;2027.0;9.47;2066.0;9.66;77.0;0.36;21673.0;48.3;199.0;0.93
Calle Larga;de Valparaiso;91.0;1.44;1304.0;20.7;620.0;9.84;1365.0;21.66;1243.0;19.73;942.0;14.95;736.0;11.68;40.0;0.63;6439.0;55.5;98.0;1.56
Cartagena;de Valparaiso;158.0;1.81;2188.0;25.07;1040.0;11.92;2321.0;26.59;877.0;10.05;1173.0;13.44;971.0;11.13;37.0;0.42;8833.0;47.16;68.0;0.78
Casablanca;de Valparaiso;151.0;1.4;2850.0;26.34;768.0;7.1;3330.0;30.78;1081.0;9.99;1254.0;11.59;1386.0;12.81;44.0;0.41;10970.0;48.13;106.0;0.98
Catemu;de Valparaiso;47.0;0.92;1220.0;23.75;483.0;9.4;990.0;19.28;1142.0;22.24;663.0;12.91;591.0;11.51;39.0;0.76;5237.0;43.02;62.0;1.21
Concon;de Valparaiso;222.0;0.9;5100.0;20.57;1251.0;5.05;9357.0;37.75;2128.0;8.58;2029.0;8.19;4702.0;18.97;76.0;0.31;25003.0;61.24;138.0;0.56
El Quisco;de Valparaiso;123.0;1.58;2406.0;30.99;677.0;8.72;2027.0;26.11;693.0;8.93;815.0;10.5;1022.0;13.17;19.0;0.24;7826.0;53.33;44.0;0.57
El Tabo;de Valparaiso;141.0;1.99;2224.0;31.37;759.0;10.71;1791.0;25.26;535.0;7.55;840.0;11.85;799.0;11.27;18.0;0.25;7145.0;55.68;38.0;0.54
Hijuelas;de Valparaiso;59.0;0.81;1454.0;19.87;644.0;8.8;1725.0;23.58;1894.0;25.89;762.0;10.42;778.0;10.63;34.0;0.46;7422.0;47.19;72.0;0.98
Isla de Pascua;de Valparaiso;41.0;1.42;972.0;33.59;323.0;11.16;581.0;20.08;311.0;10.75;352.0;12.16;314.0;10.85;73.0;2.52;3027.0;46.62;60.0;2.07
Juan Fernandez;de Valparaiso;5.0;1.58;144.0;45.43;22.0;6.94;61.0;19.24;6.0;1.89;37.0;11.67;42.0;13.25;3.0;0.95;321.0;34.52;1.0;0.32
Limache;de Valparaiso;280.0;1.45;5243.0;27.14;1295.0;6.7;5735.0;29.69;2555.0;13.23;1791.0;9.27;2418.0;12.52;79.0;0.41;19566.0;48.85;170.0;0.88
Llaillay;de Valparaiso;169.0;1.65;2900.0;28.33;974.0;9.51;1688.0;16.49;2060.0;20.12;1441.0;14.08;1006.0;9.83;49.0;0.48;10412.0;49.48;125.0;1.22
Nogales;de Valparaiso;130.0;1.4;2325.0;25.1;899.0;9.71;1501.0;16.21;2388.0;25.78;1094.0;11.81;925.0;9.99;55.0;0.59;9377.0;47.57;60.0;0.65
Olmue;de Valparaiso;101.0;1.28;1925.0;24.48;561.0;7.13;2624.0;33.37;893.0;11.36;760.0;9.66;1000.0;12.72;44.0;0.56;7977.0;47.8;69.0;0.88
Panquehue;de Valparaiso;28.0;0.86;714.0;21.82;229.0;7.0;870.0;26.59;711.0;21.73;389.0;11.89;331.0;10.12;25.0;0.76;3330.0;50.12;33.0;1.01
Papudo;de Valparaiso;34.0;0.94;869.0;24.04;195.0;5.39;904.0;25.01;458.0;12.67;497.0;13.75;658.0;18.2;10.0;0.28;3639.0;57.68;14.0;0.39
Petorca;de Valparaiso;54.0;1.32;1175.0;28.74;374.0;9.15;671.0;16.41;742.0;18.15;712.0;17.41;361.0;8.83;30.0;0.73;4167.0;44.26;48.0;1.17
Puchuncavi;de Valparaiso;126.0;1.44;2319.0;26.42;793.0;9.03;1920.0;21.87;1357.0;15.46;907.0;10.33;1357.0;15.46;27.0;0.31;8870.0;53.01;64.0;0.73
Putaendo;de Valparaiso;119.0;1.85;1807.0;28.03;536.0;8.31;1382.0;21.44;944.0;14.64;1031.0;15.99;628.0;9.74;36.0;0.56;6547.0;46.23;64.0;0.99
Quillota;de Valparaiso;565.0;1.55;9253.0;25.38;3009.0;8.25;9930.0;27.23;5678.0;15.57;3514.0;9.64;4514.0;12.38;114.0;0.31;36875.0;48.6;298.0;0.82
Quilpue;de Valparaiso;1075.0;1.53;20730.0;29.53;5615.0;8.0;19866.0;28.3;8245.0;11.74;6164.0;8.78;8511.0;12.12;189.0;0.27;70909.0;52.28;514.0;0.73
Quintero;de Valparaiso;186.0;1.52;3086.0;25.21;1281.0;10.47;2997.0;24.49;2288.0;18.69;1165.0;9.52;1237.0;10.11;56.0;0.46;12385.0;49.16;89.0;0.73
Rinconada;de Valparaiso;63.0;1.22;1097.0;21.23;375.0;7.26;1415.0;27.39;863.0;16.7;710.0;13.74;644.0;12.46;27.0;0.52;5218.0;54.33;24.0;0.46
San Antonio;de Valparaiso;1038.0;2.68;11916.0;30.8;4312.0;11.14;6985.0;18.05;5914.0;15.28;5075.0;13.12;3454.0;8.93;138.0;0.36;39155.0;49.79;323.0;0.83
San Esteban;de Valparaiso;93.0;1.12;1726.0;20.88;594.0;7.18;1816.0;21.96;1793.0;21.69;1240.0;15.0;1006.0;12.17;43.0;0.52;8401.0;54.21;90.0;1.09
San Felipe;de Valparaiso;425.0;1.44;7691.0;26.07;2200.0;7.46;7542.0;25.56;5113.0;17.33;3280.0;11.12;3253.0;11.03;132.0;0.45;29875.0;49.7;239.0;0.81
Santa Maria;de Valparaiso;59.0;1.0;1149.0;19.38;449.0;7.57;1343.0;22.65;1141.0;19.24;1018.0;17.17;770.0;12.99;42.0;0.71;6056.0;49.77;85.0;1.43
Santo Domingo;de Valparaiso;58.0;0.78;1281.0;17.32;395.0;5.34;3000.0;40.55;503.0;6.8;828.0;11.19;1333.0;18.02;22.0;0.3;7466.0;62.9;46.0;0.62
Valparaiso;de Valparaiso;3301.0;2.55;45684.0;35.25;11392.0;8.79;30484.0;23.52;13507.0;10.42;12931.0;9.98;12302.0;9.49;437.0;0.34;131167.0;45.56;1129.0;0.87
Villa Alemana;de Valparaiso;852.0;1.67;14349.0;28.05;3950.0;7.72;15343.0;29.99;6545.0;12.79;4368.0;8.54;5754.0;11.25;125.0;0.24;51653.0;51.41;367.0;0.72
Viña del Mar;de Valparaiso;2304.0;1.54;41778.0;27.92;9971.0;6.66;47235.0;31.56;13873.0;9.27;13555.0;9.06;20944.0;13.99;398.0;0.27;151025.0;50.01;967.0;0.65
Zapallar;de Valparaiso;38.0;0.7;1069.0;19.72;269.0;4.96;1831.0;33.78;430.0;7.93;472.0;8.71;1311.0;24.19;15.0;0.28;5466.0;59.71;31.0;0.57
la Cruz;de Valparaiso;100.0;1.09;2124.0;23.13;646.0;7.04;2639.0;28.74;1616.0;17.6;808.0;8.8;1249.0;13.6;17.0;0.19;9252.0;55.14;53.0;0.58
la Ligua;de Valparaiso;191.0;1.32;4229.0;29.17;1079.0;7.44;3165.0;21.83;2257.0;15.57;1896.0;13.08;1680.0;11.59;59.0;0.41;14670.0;48.11;114.0;0.79
los Andes;de Valparaiso;330.0;1.13;7176.0;24.65;2268.0;7.79;7144.0;24.54;5369.0;18.44;3240.0;11.13;3590.0;12.33;122.0;0.42;29518.0;52.79;279.0;0.96
Angol;de la Araucania;153.0;0.72;2807.0;13.26;940.0;4.44;9982.0;47.15;3070.0;14.5;2197.0;10.38;2021.0;9.55;110.0;0.52;21457.0;45.68;177.0;0.84
Carahue;de la Araucania;113.0;1.19;1226.0;12.96;497.0;5.25;3976.0;42.03;944.0;9.98;1748.0;18.48;955.0;10.1;84.0;0.89;9633.0;39.06;90.0;0.95
Cholchol;de la Araucania;86.0;1.65;789.0;15.17;355.0;6.83;1820.0;34.99;822.0;15.8;780.0;15.0;549.0;10.56;66.0;1.27;5396.0;48.4;129.0;2.48
Collipulli;de la Araucania;89.0;0.95;1119.0;11.89;486.0;5.16;4949.0;52.58;1170.0;12.43;923.0;9.81;676.0;7.18;107.0;1.14;9624.0;43.41;105.0;1.12
Cunco;de la Araucania;57.0;0.73;1091.0;13.89;413.0;5.26;3389.0;43.13;961.0;12.23;1167.0;14.85;779.0;9.91;53.0;0.67;7987.0;39.73;77.0;0.98
Curacautin;de la Araucania;59.0;0.77;996.0;12.99;353.0;4.6;4160.0;54.24;657.0;8.57;840.0;10.95;605.0;7.89;62.0;0.81;7814.0;37.04;82.0;1.07
Curarrehue;de la Araucania;51.0;1.76;548.0;18.9;125.0;4.31;1231.0;42.46;270.0;9.31;333.0;11.49;341.0;11.76;21.0;0.72;2943.0;34.54;23.0;0.79
Ercilla;de la Araucania;50.0;1.71;485.0;16.62;182.0;6.24;1490.0;51.04;179.0;6.13;322.0;11.03;211.0;7.23;20.0;0.69;2972.0;36.98;33.0;1.13
Freire;de la Araucania;126.0;1.37;1381.0;15.01;571.0;6.21;3631.0;39.47;950.0;10.33;1630.0;17.72;911.0;9.9;91.0;0.99;9411.0;41.11;120.0;1.3
Galvarino;de la Araucania;73.0;1.43;880.0;17.25;376.0;7.37;1802.0;35.32;473.0;9.27;1134.0;22.23;364.0;7.13;59.0;1.16;5229.0;43.24;68.0;1.33
Gorbea;de la Araucania;40.0;0.61;794.0;12.17;228.0;3.49;3155.0;48.35;663.0;10.16;841.0;12.89;805.0;12.34;45.0;0.69;6626.0;42.34;55.0;0.84
Lautaro;de la Araucania;144.0;0.94;2171.0;14.17;785.0;5.12;6919.0;45.15;1829.0;11.93;2197.0;14.34;1281.0;8.36;97.0;0.63;15591.0;45.17;168.0;1.1
Loncoche;de la Araucania;93.0;0.98;1516.0;15.99;588.0;6.2;3501.0;36.93;1306.0;13.78;1537.0;16.21;938.0;9.9;74.0;0.78;9640.0;41.49;87.0;0.92
Lonquimay;de la Araucania;32.0;0.7;580.0;12.72;169.0;3.71;2144.0;47.04;427.0;9.37;880.0;19.31;326.0;7.15;98.0;2.15;4737.0;39.1;81.0;1.78
Lumaco;de la Araucania;52.0;1.25;556.0;13.4;175.0;4.22;2443.0;58.88;241.0;5.81;455.0;10.97;227.0;5.47;51.0;1.23;4242.0;46.17;42.0;1.01
Melipeuco;de la Araucania;26.0;1.18;362.0;16.45;95.0;4.32;944.0;42.89;247.0;11.22;328.0;14.9;199.0;9.04;20.0;0.91;2250.0;29.13;29.0;1.32
Nueva Imperial;de la Araucania;178.0;1.35;2196.0;16.61;1011.0;7.65;4697.0;35.53;1647.0;12.46;2301.0;17.4;1191.0;9.01;102.0;0.77;13487.0;43.72;164.0;1.24
Padre las Casas;de la Araucania;265.0;1.03;4409.0;17.18;1852.0;7.22;9271.0;36.13;4368.0;17.02;2982.0;11.62;2511.0;9.79;185.0;0.72;26103.0;43.86;260.0;1.01
Perquenco;de la Araucania;36.0;1.22;383.0;13.01;186.0;6.32;1252.0;42.51;456.0;15.48;458.0;15.55;174.0;5.91;22.0;0.75;3006.0;44.12;39.0;1.32
Pitrufquen;de la Araucania;82.0;0.82;1573.0;15.72;572.0;5.72;4487.0;44.83;1077.0;10.76;1243.0;12.42;974.0;9.73;46.0;0.46;10131.0;43.62;77.0;0.77
Pucon;de la Araucania;136.0;1.11;2900.0;23.66;593.0;4.84;4593.0;37.47;1352.0;11.03;1089.0;8.88;1595.0;13.01;57.0;0.47;12408.0;41.93;93.0;0.76
Puren;de la Araucania;49.0;0.93;615.0;11.68;230.0;4.37;2644.0;50.22;405.0;7.69;924.0;17.55;398.0;7.56;32.0;0.61;5341.0;43.64;44.0;0.84
Renaico;de la Araucania;35.0;0.82;445.0;10.48;259.0;6.1;1755.0;41.32;792.0;18.65;576.0;13.56;385.0;9.07;32.0;0.75;4347.0;44.33;68.0;1.6
Saavedra;de la Araucania;106.0;2.11;760.0;15.13;406.0;8.08;1581.0;31.47;535.0;10.65;1183.0;23.55;453.0;9.02;72.0;1.43;5200.0;39.28;104.0;2.07
Temuco;de la Araucania;1206.0;1.01;23414.0;19.55;6787.0;5.67;47023.0;39.27;15127.0;12.63;12019.0;10.04;14178.0;11.84;365.0;0.3;120918.0;50.8;799.0;0.67
Teodoro Schmidt;de la Araucania;46.0;0.73;749.0;11.84;302.0;4.77;2667.0;42.17;656.0;10.37;911.0;14.4;994.0;15.72;96.0;1.52;6528.0;46.46;107.0;1.69
Tolten;de la Araucania;44.0;0.99;565.0;12.68;254.0;5.7;1858.0;41.69;460.0;10.32;631.0;14.16;645.0;14.47;59.0;1.32;4582.0;43.41;66.0;1.48
Traiguen;de la Araucania;105.0;1.33;1273.0;16.11;431.0;5.45;3830.0;48.47;519.0;6.57;991.0;12.54;753.0;9.53;66.0;0.84;8081.0;43.46;113.0;1.43
Victoria;de la Araucania;121.0;0.82;1718.0;11.69;740.0;5.03;8472.0;57.64;1029.0;7.0;1477.0;10.05;1142.0;7.77;80.0;0.54;14906.0;45.71;127.0;0.86
Vilcun;de la Araucania;100.0;0.94;1444.0;13.52;548.0;5.13;4473.0;41.89;1301.0;12.18;1605.0;15.03;1208.0;11.31;84.0;0.79;10879.0;44.01;116.0;1.09
Villarrica;de la Araucania;288.0;1.16;5166.0;20.84;1185.0;4.78;9997.0;40.33;2724.0;10.99;2567.0;10.36;2858.0;11.53;131.0;0.53;25099.0;44.68;183.0;0.74
los Sauces;de la Araucania;28.0;0.81;386.0;11.11;130.0;3.74;1881.0;54.15;277.0;7.97;462.0;13.3;310.0;8.92;49.0;1.41;3571.0;47.84;48.0;1.38
Ancud;de los Lagos;230.0;1.47;3793.0;24.27;938.0;6.0;4372.0;27.97;2120.0;13.56;2350.0;15.04;1827.0;11.69;131.0;0.84;15884.0;40.82;123.0;0.79
Calbuco;de los Lagos;154.0;1.38;2162.0;19.38;710.0;6.37;3388.0;30.38;2208.0;19.8;1432.0;12.84;1099.0;9.85;168.0;1.51;11463.0;35.27;142.0;1.27
Castro;de los Lagos;320.0;1.82;4868.0;27.65;954.0;5.42;4448.0;25.27;2733.0;15.52;2414.0;13.71;1868.0;10.61;123.0;0.7;17877.0;42.7;149.0;0.85
Chaiten;de los Lagos;11.0;0.73;291.0;19.34;69.0;4.58;555.0;36.88;126.0;8.37;304.0;20.2;149.0;9.9;32.0;2.13;1550.0;30.43;13.0;0.86
Chonchi;de los Lagos;96.0;1.83;1209.0;23.02;280.0;5.33;1194.0;22.73;1001.0;19.06;975.0;18.56;498.0;9.48;46.0;0.88;5346.0;40.02;47.0;0.89
Cochamo;de los Lagos;19.0;1.23;284.0;18.39;69.0;4.47;646.0;41.84;148.0;9.59;181.0;11.72;197.0;12.76;32.0;2.07;1589.0;34.28;13.0;0.84
Curaco de Velez;de los Lagos;10.0;0.81;255.0;20.58;57.0;4.6;301.0;24.29;211.0;17.03;291.0;23.49;114.0;9.2;16.0;1.29;1266.0;33.58;11.0;0.89
Dalcahue;de los Lagos;67.0;1.55;919.0;21.25;259.0;5.99;1086.0;25.12;796.0;18.41;709.0;16.4;488.0;11.29;38.0;0.88;4407.0;34.51;45.0;1.04
Fresia;de los Lagos;44.0;0.83;839.0;15.91;211.0;4.0;2052.0;38.92;491.0;9.31;1178.0;22.34;458.0;8.69;69.0;1.31;5405.0;44.41;63.0;1.19
Frutillar;de los Lagos;60.0;0.72;1351.0;16.14;375.0;4.48;3260.0;38.95;1208.0;14.43;1329.0;15.88;786.0;9.39;63.0;0.75;8486.0;49.26;54.0;0.65
Futaleufu;de los Lagos;15.0;1.42;208.0;19.68;34.0;3.22;435.0;41.15;60.0;5.68;155.0;14.66;150.0;14.19;14.0;1.32;1079.0;27.77;8.0;0.76
Hualaihue;de los Lagos;48.0;1.33;628.0;17.41;223.0;6.18;1041.0;28.86;678.0;18.8;600.0;16.63;389.0;10.78;70.0;1.94;3728.0;42.49;51.0;1.41
Llanquihue;de los Lagos;66.0;0.84;1395.0;17.81;562.0;7.17;2618.0;33.42;1376.0;17.56;1190.0;15.19;627.0;8.0;71.0;0.91;7967.0;49.16;62.0;0.79
Maullin;de los Lagos;50.0;0.91;882.0;16.07;208.0;3.79;2197.0;40.03;715.0;13.03;941.0;17.14;496.0;9.04;60.0;1.09;5594.0;36.49;45.0;0.82
Osorno;de los Lagos;837.0;1.24;14255.0;21.15;3309.0;4.91;21364.0;31.7;9914.0;14.71;9991.0;14.82;7727.0;11.46;238.0;0.35;68131.0;47.57;496.0;0.74
Palena;de los Lagos;7.0;0.89;160.0;20.28;20.0;2.53;307.0;38.91;57.0;7.22;157.0;19.9;81.0;10.27;14.0;1.77;811.0;34.93;8.0;1.01
Puerto Montt;de los Lagos;1209.0;1.38;18811.0;21.47;5537.0;6.32;28790.0;32.85;14488.0;16.53;9339.0;10.66;9459.0;10.79;498.0;0.57;88775.0;46.79;644.0;0.73
Puerto Octay;de los Lagos;42.0;1.03;651.0;16.03;201.0;4.95;1248.0;30.73;645.0;15.88;956.0;23.54;318.0;7.83;27.0;0.66;4117.0;45.37;29.0;0.71
Puerto Varas;de los Lagos;190.0;0.83;4459.0;19.38;897.0;3.9;9205.0;40.0;2151.0;9.35;2276.0;9.89;3836.0;16.67;122.0;0.53;23268.0;53.03;132.0;0.57
Puqueldon;de los Lagos;14.0;1.08;300.0;23.15;83.0;6.4;287.0;22.15;293.0;22.61;217.0;16.74;102.0;7.87;12.0;0.93;1331.0;30.21;23.0;1.77
Purranque;de los Lagos;79.0;0.88;1317.0;14.74;426.0;4.77;3456.0;38.69;1082.0;12.11;1691.0;18.93;882.0;9.87;89.0;1.0;9126.0;46.12;104.0;1.16
Puyehue;de los Lagos;42.0;0.84;753.0;15.02;267.0;5.33;1790.0;35.7;598.0;11.93;1151.0;22.96;413.0;8.24;38.0;0.76;5097.0;43.6;45.0;0.9
Queilen;de los Lagos;29.0;1.23;493.0;20.99;117.0;4.98;520.0;22.14;315.0;13.41;663.0;28.22;212.0;9.03;34.0;1.45;2403.0;38.55;20.0;0.85
Quellon;de los Lagos;111.0;1.3;1748.0;20.51;441.0;5.17;2123.0;24.91;1747.0;20.5;1660.0;19.47;694.0;8.14;146.0;1.71;8782.0;38.15;112.0;1.31
Quemchi;de los Lagos;30.0;1.08;587.0;21.09;145.0;5.21;789.0;28.35;345.0;12.4;596.0;21.42;291.0;10.46;55.0;1.98;2865.0;31.96;27.0;0.97
Quinchao;de los Lagos;25.0;1.01;712.0;28.8;127.0;5.14;515.0;20.83;276.0;11.17;626.0;25.32;191.0;7.73;33.0;1.33;2534.0;27.39;29.0;1.17
Rio Negro;de los Lagos;50.0;0.8;891.0;14.29;290.0;4.65;2158.0;34.62;827.0;13.27;1314.0;21.08;703.0;11.28;44.0;0.71;6343.0;47.13;66.0;1.06
San Juan de la Costa;de los Lagos;66.0;1.67;746.0;18.86;231.0;5.84;838.0;21.19;518.0;13.1;1228.0;31.05;328.0;8.29;31.0;0.78;4037.0;48.94;51.0;1.29
San Pablo;de los Lagos;55.0;1.15;757.0;15.81;254.0;5.3;1566.0;32.71;544.0;11.36;1158.0;24.19;454.0;9.48;33.0;0.69;4873.0;48.0;52.0;1.09
los Muermos;de los Lagos;37.0;0.56;796.0;12.02;245.0;3.7;3214.0;48.52;759.0;11.46;858.0;12.95;715.0;10.79;124.0;1.87;6817.0;41.51;69.0;1.04
Corral;de los Rios;22.0;0.97;578.0;25.5;134.0;5.91;556.0;24.53;310.0;13.67;519.0;22.89;148.0;6.53;24.0;1.06;2310.0;41.65;19.0;0.84
Futrono;de los Rios;74.0;1.14;1008.0;15.47;244.0;3.74;2803.0;43.01;806.0;12.37;890.0;13.66;692.0;10.62;42.0;0.64;6626.0;44.77;67.0;1.03
Lago Ranco;de los Rios;51.0;1.19;703.0;16.35;188.0;4.37;1740.0;40.47;487.0;11.33;655.0;15.24;475.0;11.05;64.0;1.49;4430.0;46.07;67.0;1.56
Lanco;de los Rios;78.0;1.17;1413.0;21.24;309.0;4.64;2312.0;34.75;1000.0;15.03;981.0;14.74;561.0;8.43;69.0;1.04;6782.0;41.44;59.0;0.89
Mafil;de los Rios;29.0;0.87;479.0;14.34;187.0;5.6;1292.0;38.68;647.0;19.37;423.0;12.66;283.0;8.47;39.0;1.17;3417.0;47.52;38.0;1.14
Mariquina;de los Rios;72.0;0.92;1520.0;19.52;391.0;5.02;2346.0;30.13;1563.0;20.08;1226.0;15.75;667.0;8.57;61.0;0.78;7917.0;41.4;71.0;0.91
Paillaco;de los Rios;94.0;1.12;1428.0;17.03;333.0;3.97;3333.0;39.74;1226.0;14.62;1171.0;13.96;802.0;9.56;73.0;0.87;8541.0;44.26;81.0;0.97
Panguipulli;de los Rios;169.0;1.26;2368.0;17.6;896.0;6.66;4900.0;36.43;1836.0;13.65;1954.0;14.53;1329.0;9.88;164.0;1.22;13820.0;38.8;204.0;1.52
Rio Bueno;de los Rios;150.0;1.14;2106.0;15.95;583.0;4.42;5283.0;40.02;1673.0;12.67;2025.0;15.34;1380.0;10.45;101.0;0.77;13435.0;43.62;134.0;1.02
Valdivia;de los Rios;1082.0;1.54;21118.0;30.14;4257.0;6.08;19548.0;27.9;8081.0;11.53;8562.0;12.22;7412.0;10.58;279.0;0.4;70848.0;50.67;509.0;0.73
la Union;de los Rios;163.0;1.02;2783.0;17.35;763.0;4.76;5954.0;37.13;2212.0;13.79;2321.0;14.47;1840.0;11.47;100.0;0.62;16241.0;45.43;105.0;0.65
los Lagos;de los Rios;60.0;0.79;1476.0;19.35;396.0;5.19;2852.0;37.4;1091.0;14.31;1053.0;13.81;698.0;9.15;60.0;0.79;7758.0;40.6;72.0;0.94
Bulnes;de Ñuble;79.0;0.92;1265.0;14.81;458.0;5.36;3045.0;35.65;965.0;11.3;1456.0;17.05;1273.0;14.9;77.0;0.9;8722.0;42.25;104.0;1.22
Chillan;de Ñuble;703.0;0.98;14744.0;20.64;3914.0;5.48;24290.0;34.01;9349.0;13.09;9009.0;12.61;9421.0;13.19;242.0;0.34;72155.0;46.86;483.0;0.68
Chillan Viejo;de Ñuble;101.0;0.91;1894.0;17.07;822.0;7.41;3694.0;33.3;1728.0;15.58;1546.0;13.94;1308.0;11.79;39.0;0.35;11229.0;49.44;97.0;0.87
Cobquecura;de Ñuble;23.0;0.9;460.0;18.1;124.0;4.88;805.0;31.67;266.0;10.46;450.0;17.7;414.0;16.29;29.0;1.14;2606.0;44.14;35.0;1.38
Coelemu;de Ñuble;50.0;0.66;1077.0;14.2;405.0;5.34;2711.0;35.76;1138.0;15.01;1417.0;18.69;784.0;10.34;84.0;1.11;7735.0;50.32;69.0;0.91
Coihueco;de Ñuble;87.0;0.91;1024.0;10.7;464.0;4.85;4445.0;46.46;997.0;10.42;1330.0;13.9;1220.0;12.75;89.0;0.93;9745.0;43.43;89.0;0.93
El Carmen;de Ñuble;25.0;0.49;567.0;11.11;209.0;4.1;2331.0;45.69;395.0;7.74;926.0;18.15;649.0;12.72;37.0;0.73;5168.0;41.45;29.0;0.57
Ninhue;de Ñuble;15.0;0.62;253.0;10.51;105.0;4.36;824.0;34.22;191.0;7.93;695.0;28.86;325.0;13.5;22.0;0.91;2454.0;40.38;24.0;1.0
Pemuco;de Ñuble;20.0;0.59;424.0;12.59;172.0;5.11;1364.0;40.51;390.0;11.58;574.0;17.05;423.0;12.56;13.0;0.39;3409.0;41.1;29.0;0.86
Pinto;de Ñuble;34.0;0.66;578.0;11.28;256.0;5.0;2626.0;51.26;446.0;8.71;457.0;8.92;726.0;14.17;38.0;0.74;5199.0;45.12;38.0;0.74
Portezuelo;de Ñuble;23.0;0.86;308.0;11.55;116.0;4.35;1068.0;40.04;207.0;7.76;574.0;21.52;371.0;13.91;22.0;0.82;2718.0;46.89;29.0;1.09
Quillon;de Ñuble;71.0;1.08;839.0;12.71;420.0;6.36;2479.0;37.55;970.0;14.69;996.0;15.09;827.0;12.53;37.0;0.56;6707.0;41.98;68.0;1.03
Quirihue;de Ñuble;43.0;0.85;758.0;15.05;244.0;4.85;1357.0;26.95;594.0;11.8;1337.0;26.55;703.0;13.96;85.0;1.69;5199.0;47.36;78.0;1.55
Ranquil;de Ñuble;19.0;0.7;356.0;13.09;144.0;5.29;991.0;36.43;381.0;14.01;508.0;18.68;321.0;11.8;22.0;0.81;2765.0;47.4;23.0;0.85
San Carlos;de Ñuble;161.0;0.83;3136.0;16.12;943.0;4.85;7914.0;40.68;2347.0;12.06;2542.0;13.07;2410.0;12.39;149.0;0.77;19769.0;41.34;167.0;0.86
San Fabian;de Ñuble;14.0;0.61;394.0;17.2;97.0;4.23;805.0;35.14;281.0;12.27;392.0;17.11;308.0;13.44;23.0;1.0;2338.0;45.41;24.0;1.05
San Ignacio;de Ñuble;59.0;0.97;730.0;11.97;389.0;6.38;2504.0;41.06;619.0;10.15;906.0;14.85;892.0;14.63;56.0;0.92;6222.0;42.19;67.0;1.1
San Nicolas;de Ñuble;47.0;0.88;785.0;14.75;403.0;7.57;1849.0;34.75;691.0;12.99;906.0;17.03;640.0;12.03;52.0;0.98;5432.0;45.99;59.0;1.11
Trehuaco;de Ñuble;20.0;0.76;398.0;15.05;117.0;4.42;905.0;34.22;338.0;12.78;557.0;21.06;310.0;11.72;27.0;1.02;2694.0;43.17;22.0;0.83
Yungay;de Ñuble;70.0;1.04;1181.0;17.5;388.0;5.75;1930.0;28.6;1351.0;20.02;1148.0;17.01;681.0;10.09;49.0;0.73;6863.0;41.7;65.0;0.96
ÑIquen;de Ñuble;35.0;0.76;531.0;11.48;301.0;6.51;2000.0;43.22;518.0;11.2;632.0;13.66;610.0;13.18;58.0;1.25;4731.0;43.98;46.0;0.99
Alto Biobio;del Biobio;40.0;2.17;377.0;20.41;119.0;6.44;502.0;27.18;255.0;13.81;399.0;21.6;155.0;8.39;80.0;4.33;2008.0;35.97;81.0;4.39
Antuco;del Biobio;17.0;0.92;245.0;13.3;91.0;4.94;547.0;29.7;400.0;21.72;332.0;18.02;210.0;11.4;11.0;0.6;1880.0;40.11;27.0;1.47
Arauco;del Biobio;123.0;0.86;2203.0;15.34;862.0;6.0;4983.0;34.7;3366.0;23.44;1687.0;11.75;1138.0;7.92;100.0;0.7;14605.0;46.74;143.0;1.0
Cabrero;del Biobio;74.0;0.69;1309.0;12.16;691.0;6.42;3698.0;34.36;2771.0;25.74;1279.0;11.88;942.0;8.75;98.0;0.91;10955.0;43.29;93.0;0.86
Cañete;del Biobio;157.0;1.26;1742.0;13.96;571.0;4.58;6296.0;50.46;1361.0;10.91;1457.0;11.68;894.0;7.16;101.0;0.81;12701.0;42.73;122.0;0.98
Chiguayante;del Biobio;491.0;1.43;8106.0;23.61;2738.0;7.98;9099.0;26.51;5928.0;17.27;3892.0;11.34;4075.0;11.87;100.0;0.29;34655.0;50.95;226.0;0.66
Concepcion;del Biobio;1428.0;1.46;24371.0;24.87;5754.0;5.87;30014.0;30.62;12679.0;12.94;11041.0;11.27;12722.0;12.98;315.0;0.32;98990.0;49.43;666.0;0.68
Contulmo;del Biobio;26.0;0.96;330.0;12.17;139.0;5.13;1557.0;57.43;215.0;7.93;306.0;11.29;138.0;5.09;21.0;0.77;2755.0;45.06;23.0;0.85
Coronel;del Biobio;496.0;1.2;8256.0;19.98;3193.0;7.73;11599.0;28.06;10234.0;24.76;4787.0;11.58;2766.0;6.69;173.0;0.42;41935.0;46.39;431.0;1.04
Curanilahue;del Biobio;157.0;1.28;2127.0;17.34;789.0;6.43;3898.0;31.78;2560.0;20.87;1932.0;15.75;801.0;6.53;128.0;1.04;12542.0;41.28;150.0;1.22
Florida;del Biobio;55.0;1.18;623.0;13.42;317.0;6.83;1562.0;33.65;675.0;14.54;804.0;17.32;606.0;13.05;38.0;0.82;4739.0;44.92;59.0;1.27
Hualpen;del Biobio;523.0;1.33;8184.0;20.85;3421.0;8.72;9966.0;25.39;8834.0;22.51;4598.0;11.72;3718.0;9.47;116.0;0.3;39654.0;51.29;294.0;0.75
Hualqui;del Biobio;94.0;1.1;1453.0;17.07;858.0;10.08;2349.0;27.59;1844.0;21.66;1081.0;12.7;835.0;9.81;70.0;0.82;8676.0;41.9;92.0;1.08
Laja;del Biobio;83.0;0.93;1299.0;14.58;632.0;7.09;2709.0;30.4;2295.0;25.75;1013.0;11.37;880.0;9.88;64.0;0.72;9093.0;42.04;118.0;1.32
Lebu;del Biobio;95.0;1.07;1560.0;17.55;632.0;7.11;3476.0;39.1;1253.0;14.09;1348.0;15.16;527.0;5.93;81.0;0.91;9087.0;40.75;115.0;1.29
Lota;del Biobio;219.0;1.04;3893.0;18.44;1812.0;8.58;6204.0;29.38;4624.0;21.9;3074.0;14.56;1290.0;6.11;146.0;0.69;21543.0;45.41;281.0;1.33
Mulchen;del Biobio;86.0;0.87;1351.0;13.61;465.0;4.68;3762.0;37.89;1830.0;18.43;1614.0;16.25;822.0;8.28;117.0;1.18;10150.0;37.95;103.0;1.04
Nacimiento;del Biobio;91.0;0.86;1367.0;12.92;477.0;4.51;3693.0;34.91;2852.0;26.96;1264.0;11.95;836.0;7.9;72.0;0.68;10736.0;43.71;84.0;0.79
Negrete;del Biobio;25.0;0.67;350.0;9.45;217.0;5.86;1545.0;41.7;661.0;17.84;508.0;13.71;399.0;10.77;44.0;1.19;3798.0;41.81;49.0;1.32
Penco;del Biobio;299.0;1.43;4384.0;21.03;1652.0;7.92;4823.0;23.14;4424.0;21.22;3466.0;16.63;1798.0;8.63;111.0;0.53;21132.0;50.09;175.0;0.84
Quilaco;del Biobio;11.0;0.6;235.0;12.85;79.0;4.32;668.0;36.52;233.0;12.74;409.0;22.36;194.0;10.61;26.0;1.42;1868.0;42.85;13.0;0.71
Quilleco;del Biobio;43.0;1.13;410.0;10.73;244.0;6.38;1479.0;38.7;675.0;17.66;572.0;14.97;399.0;10.44;50.0;1.31;3931.0;40.86;59.0;1.54
San Pedro de la Paz;del Biobio;489.0;1.06;9865.0;21.28;2926.0;6.31;14414.0;31.1;7277.0;15.7;4764.0;10.28;6613.0;14.27;139.0;0.3;46764.0;51.17;277.0;0.6
San Rosendo;del Biobio;13.0;0.69;313.0;16.59;204.0;10.81;510.0;27.03;431.0;22.84;282.0;14.94;134.0;7.1;18.0;0.95;1933.0;44.31;28.0;1.48
Santa Barbara;del Biobio;47.0;0.92;645.0;12.61;225.0;4.4;2082.0;40.69;865.0;16.9;670.0;13.09;583.0;11.39;38.0;0.74;5201.0;38.96;46.0;0.9
Santa Juana;del Biobio;71.0;1.33;886.0;16.65;341.0;6.41;2155.0;40.49;807.0;15.16;638.0;11.99;424.0;7.97;40.0;0.75;5416.0;41.58;54.0;1.01
Talcahuano;del Biobio;866.0;1.37;13213.0;20.95;4552.0;7.22;18990.0;30.12;13140.0;20.84;6191.0;9.82;6103.0;9.68;189.0;0.3;63751.0;48.4;507.0;0.8
Tirua;del Biobio;57.0;1.52;581.0;15.48;140.0;3.73;1936.0;51.59;322.0;8.58;483.0;12.87;234.0;6.24;44.0;1.17;3844.0;42.14;47.0;1.25
Tome;del Biobio;251.0;1.11;4959.0;21.84;1424.0;6.27;6873.0;30.27;3804.0;16.75;3324.0;14.64;2073.0;9.13;128.0;0.56;23036.0;46.06;200.0;0.88
Tucapel;del Biobio;53.0;0.93;830.0;14.61;305.0;5.37;1823.0;32.08;1148.0;20.2;939.0;16.53;584.0;10.28;61.0;1.07;5803.0;43.97;60.0;1.06
Yumbel;del Biobio;86.0;1.0;1381.0;16.05;472.0;5.48;3275.0;38.05;1356.0;15.76;1242.0;14.43;794.0;9.23;72.0;0.84;8767.0;43.3;89.0;1.03
los Alamos;del Biobio;78.0;1.0;1030.0;13.2;380.0;4.87;3497.0;44.82;1267.0;16.24;1073.0;13.75;477.0;6.11;63.0;0.81;7945.0;43.58;80.0;1.03
los Angeles;del Biobio;569.0;0.82;9447.0;13.56;3254.0;4.67;29491.0;42.34;11618.0;16.68;6436.0;9.24;8845.0;12.7;345.0;0.5;70502.0;42.8;497.0;0.71
Chepica;del Libertador General Bernardo O'higgins;34.0;0.66;925.0;18.01;338.0;6.58;1559.0;30.35;586.0;11.41;841.0;16.37;853.0;16.61;25.0;0.49;5195.0;37.57;34.0;0.66
Chimbarongo;del Libertador General Bernardo O'higgins;122.0;0.92;2540.0;19.21;980.0;7.41;3464.0;26.2;2337.0;17.68;1980.0;14.98;1797.0;13.59;118.0;0.89;13482.0;43.93;144.0;1.09
Codegua;del Libertador General Bernardo O'higgins;58.0;1.09;1327.0;24.99;522.0;9.83;1175.0;22.13;1008.0;18.98;642.0;12.09;578.0;10.89;35.0;0.66;5409.0;46.39;64.0;1.21
Coinco;del Libertador General Bernardo O'higgins;24.0;0.73;769.0;23.51;291.0;8.9;946.0;28.92;422.0;12.9;344.0;10.52;475.0;14.52;23.0;0.7;3331.0;45.6;37.0;1.13
Coltauco;del Libertador General Bernardo O'higgins;74.0;1.04;1526.0;21.44;582.0;8.18;1880.0;26.41;1139.0;16.0;974.0;13.68;943.0;13.25;39.0;0.55;7216.0;44.05;59.0;0.83
Doñihue;del Libertador General Bernardo O'higgins;93.0;1.07;2293.0;26.32;760.0;8.72;1975.0;22.67;1498.0;17.19;1009.0;11.58;1085.0;12.45;48.0;0.55;8828.0;47.47;67.0;0.77
Graneros;del Libertador General Bernardo O'higgins;153.0;1.15;3724.0;27.9;1345.0;10.08;2891.0;21.66;2238.0;16.77;1517.0;11.37;1479.0;11.08;65.0;0.49;13578.0;50.17;166.0;1.24
Litueche;del Libertador General Bernardo O'higgins;31.0;0.99;673.0;21.49;200.0;6.39;935.0;29.85;208.0;6.64;615.0;19.64;470.0;15.01;28.0;0.89;3186.0;48.1;26.0;0.83
Lolol;del Libertador General Bernardo O'higgins;18.0;0.61;568.0;19.13;120.0;4.04;812.0;27.35;228.0;7.68;654.0;22.03;569.0;19.16;39.0;1.31;3026.0;43.5;18.0;0.61
Machali;del Libertador General Bernardo O'higgins;172.0;0.84;5093.0;25.0;1619.0;7.95;5587.0;27.42;2884.0;14.16;1848.0;9.07;3171.0;15.56;94.0;0.46;20632.0;53.89;164.0;0.8
Malloa;del Libertador General Bernardo O'higgins;43.0;0.8;1064.0;19.8;414.0;7.7;1691.0;31.47;686.0;12.77;794.0;14.77;682.0;12.69;25.0;0.47;5462.0;44.08;63.0;1.17
Marchigue;del Libertador General Bernardo O'higgins;33.0;1.08;669.0;21.81;171.0;5.57;755.0;24.61;240.0;7.82;595.0;19.39;605.0;19.72;21.0;0.68;3104.0;43.36;15.0;0.49
Mostazal;del Libertador General Bernardo O'higgins;128.0;1.32;2657.0;27.4;856.0;8.83;2281.0;23.53;1594.0;16.44;1117.0;11.52;1063.0;10.96;53.0;0.55;9853.0;46.47;104.0;1.07
Nancagua;del Libertador General Bernardo O'higgins;60.0;0.88;1332.0;19.61;395.0;5.81;1661.0;24.45;1006.0;14.81;1276.0;18.78;1064.0;15.66;43.0;0.63;6881.0;44.96;44.0;0.65
Navidad;del Libertador General Bernardo O'higgins;53.0;1.66;807.0;25.29;217.0;6.8;761.0;23.85;204.0;6.39;622.0;19.49;527.0;16.52;28.0;0.88;3246.0;45.0;27.0;0.85
Olivar;del Libertador General Bernardo O'higgins;46.0;0.74;1324.0;21.38;493.0;7.96;1701.0;27.47;1076.0;17.37;718.0;11.59;835.0;13.48;32.0;0.52;6280.0;49.97;55.0;0.89
Palmilla;del Libertador General Bernardo O'higgins;39.0;0.84;819.0;17.69;275.0;5.94;1127.0;24.34;469.0;10.13;1231.0;26.58;671.0;14.49;40.0;0.86;4703.0;44.51;32.0;0.69
Paredones;del Libertador General Bernardo O'higgins;24.0;0.8;634.0;21.04;155.0;5.14;752.0;24.96;217.0;7.2;708.0;23.5;523.0;17.36;53.0;1.76;3094.0;43.89;28.0;0.93
Peralillo;del Libertador General Bernardo O'higgins;40.0;0.91;915.0;20.77;273.0;6.2;1092.0;24.79;392.0;8.9;921.0;20.91;772.0;17.53;17.0;0.39;4443.0;43.74;21.0;0.48
Peumo;del Libertador General Bernardo O'higgins;84.0;1.42;1500.0;25.45;505.0;8.57;1260.0;21.37;791.0;13.42;985.0;16.71;770.0;13.06;69.0;1.17;6030.0;46.76;66.0;1.12
Pichidegua;del Libertador General Bernardo O'higgins;83.0;1.22;1541.0;22.61;464.0;6.81;1614.0;23.68;745.0;10.93;1232.0;18.07;1138.0;16.69;89.0;1.31;6955.0;40.87;49.0;0.72
Pichilemu;del Libertador General Bernardo O'higgins;113.0;1.35;2210.0;26.33;553.0;6.59;1996.0;23.78;746.0;8.89;1173.0;13.98;1602.0;19.09;55.0;0.66;8526.0;50.95;78.0;0.93
Placilla;del Libertador General Bernardo O'higgins;47.0;1.21;643.0;16.54;282.0;7.25;977.0;25.14;636.0;16.36;722.0;18.57;580.0;14.92;33.0;0.85;3962.0;47.76;42.0;1.08
Pumanque;del Libertador General Bernardo O'higgins;27.0;1.42;356.0;18.7;133.0;6.99;534.0;28.05;125.0;6.57;383.0;20.12;346.0;18.17;17.0;0.89;1929.0;45.26;8.0;0.42
Quinta de Tilcoco;del Libertador General Bernardo O'higgins;72.0;1.25;1464.0;25.36;420.0;7.28;1441.0;24.96;810.0;14.03;782.0;13.55;784.0;13.58;59.0;1.02;5892.0;47.28;60.0;1.04
Rancagua;del Libertador General Bernardo O'higgins;1144.0;1.21;25697.0;27.17;7922.0;8.38;22731.0;24.03;16173.0;17.1;9023.0;9.54;11887.0;12.57;289.0;0.31;95643.0;49.03;777.0;0.82
Rengo;del Libertador General Bernardo O'higgins;298.0;1.3;5573.0;24.3;2182.0;9.51;5561.0;24.24;3461.0;15.09;3322.0;14.48;2540.0;11.07;159.0;0.69;23343.0;47.59;247.0;1.08
Requinoa;del Libertador General Bernardo O'higgins;107.0;0.93;2120.0;18.5;909.0;7.93;3401.0;29.68;2143.0;18.7;1398.0;12.2;1380.0;12.04;61.0;0.53;11615.0;49.8;96.0;0.84
San Fernando;del Libertador General Bernardo O'higgins;372.0;1.23;7173.0;23.75;2137.0;7.08;8388.0;27.77;4053.0;13.42;3836.0;12.7;4242.0;14.05;151.0;0.5;30608.0;48.54;256.0;0.85
San Vicente;del Libertador General Bernardo O'higgins;218.0;1.17;4515.0;24.16;1237.0;6.62;4736.0;25.34;2040.0;10.91;3166.0;16.94;2779.0;14.87;102.0;0.55;18941.0;46.33;148.0;0.79
Santa Cruz;del Libertador General Bernardo O'higgins;130.0;0.97;3011.0;22.4;664.0;4.94;3759.0;27.97;1291.0;9.6;2049.0;15.24;2537.0;18.88;63.0;0.47;13589.0;42.98;85.0;0.63
la Estrella;del Libertador General Bernardo O'higgins;19.0;1.05;406.0;22.47;113.0;6.25;514.0;28.44;128.0;7.08;326.0;18.04;301.0;16.66;24.0;1.33;1843.0;48.51;12.0;0.66
las Cabras;del Libertador General Bernardo O'higgins;104.0;1.17;1993.0;22.5;779.0;8.8;2392.0;27.01;835.0;9.43;1471.0;16.61;1282.0;14.48;97.0;1.1;9048.0;43.44;95.0;1.07
Cauquenes;del Maule;113.0;0.72;1999.0;12.79;762.0;4.87;7100.0;45.42;1311.0;8.39;1967.0;12.58;2379.0;15.22;127.0;0.81;15940.0;42.3;182.0;1.16
Chanco;del Maule;16.0;0.45;462.0;13.03;140.0;3.95;1719.0;48.48;235.0;6.63;583.0;16.44;391.0;11.03;45.0;1.27;3654.0;39.0;63.0;1.78
Colbun;del Maule;76.0;1.0;1512.0;19.98;674.0;8.91;2140.0;28.28;1132.0;14.96;1198.0;15.83;834.0;11.02;79.0;1.04;7739.0;41.35;94.0;1.24
Constitucion;del Maule;188.0;1.08;2927.0;16.78;1188.0;6.81;4469.0;25.61;3860.0;22.12;2754.0;15.78;2062.0;11.82;123.0;0.7;17751.0;44.21;180.0;1.03
Curepto;del Maule;35.0;0.87;887.0;22.0;191.0;4.74;1062.0;26.34;385.0;9.55;842.0;20.88;630.0;15.62;41.0;1.02;4129.0;39.97;56.0;1.39
Curico;del Maule;642.0;1.11;12532.0;21.69;4656.0;8.06;17171.0;29.72;7855.0;13.59;6936.0;12.0;7992.0;13.83;254.0;0.44;58487.0;49.34;449.0;0.78
Empedrado;del Maule;6.0;0.33;123.0;6.81;94.0;5.2;855.0;47.32;300.0;16.6;235.0;13.0;194.0;10.74;11.0;0.61;1835.0;40.57;17.0;0.94
Hualañe;del Maule;40.0;0.96;817.0;19.68;259.0;6.24;992.0;23.9;366.0;8.82;1017.0;24.5;660.0;15.9;30.0;0.72;4218.0;43.09;37.0;0.89
Licanten;del Maule;29.0;0.96;562.0;18.57;187.0;6.18;735.0;24.28;347.0;11.46;539.0;17.81;628.0;20.75;12.0;0.4;3054.0;44.28;15.0;0.5
Linares;del Maule;318.0;0.87;7900.0;21.52;2378.0;6.48;12574.0;34.25;4913.0;13.38;4137.0;11.27;4493.0;12.24;157.0;0.43;37158.0;45.18;288.0;0.78
Longavi;del Maule;56.0;0.56;1644.0;16.31;518.0;5.14;4182.0;41.5;1077.0;10.69;1414.0;14.03;1186.0;11.77;66.0;0.65;10230.0;37.81;87.0;0.86
Maule;del Maule;94.0;0.78;2117.0;17.63;968.0;8.06;3418.0;28.47;2339.0;19.48;1525.0;12.7;1544.0;12.86;82.0;0.68;12196.0;48.25;109.0;0.91
Molina;del Maule;185.0;0.98;3961.0;21.05;1647.0;8.75;4884.0;25.96;2641.0;14.04;3244.0;17.24;2253.0;11.97;118.0;0.63;19131.0;48.15;198.0;1.05
Parral;del Maule;109.0;0.65;2752.0;16.49;829.0;4.97;6504.0;38.97;1551.0;9.29;2394.0;14.34;2552.0;15.29;108.0;0.65;16955.0;44.37;156.0;0.93
Pelarco;del Maule;29.0;0.8;549.0;15.09;248.0;6.82;1127.0;30.99;561.0;15.42;595.0;16.36;528.0;14.52;15.0;0.41;3693.0;42.57;41.0;1.13
Pelluhue;del Maule;34.0;0.85;692.0;17.21;179.0;4.45;1813.0;45.08;274.0;6.81;531.0;13.2;499.0;12.41;36.0;0.9;4124.0;52.12;66.0;1.64
Pencahue;del Maule;24.0;0.5;634.0;13.24;269.0;5.62;1686.0;35.21;584.0;12.19;936.0;19.54;656.0;13.7;42.0;0.88;4875.0;47.01;44.0;0.92
Rauco;del Maule;37.0;0.86;602.0;13.96;383.0;8.88;1474.0;34.19;526.0;12.2;722.0;16.75;567.0;13.15;29.0;0.67;4387.0;43.81;47.0;1.09
Retiro;del Maule;55.0;0.76;908.0;12.57;400.0;5.54;2962.0;41.02;737.0;10.21;933.0;12.92;1226.0;16.98;89.0;1.23;7381.0;41.47;71.0;0.98
Rio Claro;del Maule;60.0;1.11;856.0;15.82;433.0;8.0;1688.0;31.2;726.0;13.42;827.0;15.29;820.0;15.16;78.0;1.44;5579.0;45.78;91.0;1.68
Romeral;del Maule;62.0;0.97;1049.0;16.39;462.0;7.22;2145.0;33.51;742.0;11.59;1045.0;16.33;896.0;14.0;49.0;0.77;6502.0;46.32;52.0;0.81
Sagrada Familia;del Maule;72.0;0.98;1303.0;17.78;557.0;7.6;1966.0;26.82;992.0;13.53;1466.0;20.0;974.0;13.29;63.0;0.86;7460.0;46.29;67.0;0.91
San Clemente;del Maule;134.0;0.91;2687.0;18.18;1101.0;7.45;4207.0;28.47;2291.0;15.5;2607.0;17.64;1749.0;11.84;119.0;0.81;15078.0;40.09;183.0;1.24
San Javier;del Maule;135.0;0.85;2720.0;17.13;979.0;6.17;5319.0;33.5;2139.0;13.47;2501.0;15.75;2086.0;13.14;119.0;0.75;16119.0;40.8;121.0;0.76
San Rafael;del Maule;38.0;0.93;590.0;14.41;369.0;9.02;1183.0;28.9;738.0;18.03;627.0;15.32;548.0;13.39;32.0;0.78;4168.0;48.07;43.0;1.05
Talca;del Maule;929.0;1.01;22153.0;24.19;5818.0;6.35;25367.0;27.7;13421.0;14.65;11031.0;12.04;12867.0;14.05;276.0;0.3;92551.0;51.05;689.0;0.75
Teno;del Maule;105.0;1.08;1684.0;17.29;776.0;7.97;3127.0;32.11;1440.0;14.79;1228.0;12.61;1377.0;14.14;80.0;0.82;9920.0;39.56;103.0;1.06
Vichuquen;del Maule;25.0;0.91;398.0;14.51;107.0;3.9;855.0;31.18;186.0;6.78;414.0;15.1;757.0;27.61;24.0;0.88;2782.0;52.15;16.0;0.58
Villa Alegre;del Maule;42.0;0.71;964.0;16.41;396.0;6.74;2056.0;34.99;636.0;10.82;937.0;15.95;845.0;14.38;39.0;0.66;5971.0;42.59;56.0;0.95
Yerbas Buenas;del Maule;68.0;1.08;934.0;14.89;485.0;7.73;2247.0;35.81;742.0;11.83;1072.0;17.09;726.0;11.57;81.0;1.29;6445.0;42.7;90.0;1.43
